sequence	PMI-1	PMI-2	PMI-3	PMI-4	PFI-1	PFI-2	PFI-3	PFI-4
PLDILVAES	7	3	7	1	1	4	1	4
DLGVYVDVTKQIDAP	3	5	4	5	5	4	4	3
MQLSNLYIVPM	0	1	1	0	1	1	4	0
SLESLMLYALD	4	0	0	6	0	0	0	0
EISSLFIFSDI	4	1	1	4	2	3	2	1
IPDDMKAELA	4	3	4	2	5	3	3	4
PDEPAGSDLAWDNVV	2	7	3	3	2	2	0	2
SHTIIVACL	4	1	2	3	5	2	2	2
ISYGAFADDID	4	1	4	2	2	0	3	1
VFNGDLGYIVDL	0	0	4	3	0	3	2	0
HFKGFNPLSD	1	2	2	3	3	3	0	0
KDDFGNVRIC	1	0	1	1	3	1	0	2
ISVAAVLSGAVFGDHASPISDTTILSSTGAGC	3	0	2	0	2	6	0	0
TADALDMLARLSDGSYSGLSA	2	0	2	1	0	0	0	1
PVEIIVASE	2	0	0	0	0	1	0	0
DKLPNFSDYVD	3	1	1	0	2	1	3	0
QTFGTREVSKDEDNI	3	1	1	0	0	3	0	0
IAEVCARAHV	1	1	0	1	2	1	2	1
FISRTGYLFDQDV	1	2	3	2	1	2	0	2
KNEVKAKNIDILE	3	1	1	0	0	0	0	1
LSPRFDWYDV	1	1	3	1	0	0	2	0
EAFGRIPYSLTDV	3	0	1	0	0	1	0	2
KVDMDNYIVLD	0	1	0	1	0	0	1	2
EWTKSLAGTPDIGPA	2	1	1	1	2	0	0	0
SGGVFAAVAE	1	0	2	0	2	1	2	0
PITVIDTKNIG	0	0	0	0	0	0	0	0
PEVELSFMYVD	1	0	1	2	0	0	0	1
SEPSSVAPPDSATDQVDEPKPIDEAALIEE	0	1	0	1	2	2	3	0
SASGGYIITKKAFEPIED	2	1	1	1	1	0	1	2
ADKAKADAELAA	1	1	0	2	0	1	2	0
PDNESEEID	3	0	1	0	1	0	1	0
NMITGAAQMDGAILVVAATDGPMPQTR	0	0	0	0	0	0	0	0
SGVDFDGTGKIA	0	2	0	3	0	0	0	0
QETSQIYLVDL	0	2	0	0	0	0	0	1
IRDYVDRGSLVDLM	1	0	0	1	2	0	0	2
TVSSPVISPSIAEVQTV	1	1	0	0	0	0	1	0
ETFDSVWDAVSAPP	2	0	1	1	1	1	0	0
DMEGAVNNFKQEI	1	0	1	0	1	1	0	1
AESQRQAELAA	0	1	0	0	1	2	0	1
VAGLGADVEFGNGWNG	1	0	1	3	0	1	0	0
LPLARTLLPD	0	1	1	1	0	0	0	0
SGVDFAQVKDT	0	0	1	1	0	0	0	0
GSLNLLLYLD	2	1	0	2	0	0	0	0
NNTLGDGSDDQLIGSKPGDVKTITVTYPD	1	0	2	0	0	0	2	1
PLDLIVAIC	0	0	0	0	0	0	0	0
EEPAPIIEEGP	0	0	0	1	1	0	1	0
ATGASAGAAGAAGPLAGAAGASVRAAGA	2	0	1	1	0	0	0	0
TGIAMNALKDSDTIIGYTVYVDLVKD	2	1	0	1	1	1	0	5
GEGALTEAERR	0	1	0	1	1	1	0	0
GDEEIINYL	1	0	2	1	1	0	1	0
AELSYLTQDLTVD	1	1	0	3	1	0	0	0
KAASFPVRCTVGRDADDSQPVDVLKDICGAA	0	1	1	0	2	1	0	0
VYGITQVPAVV	1	1	1	0	1	0	1	0
PDALSEEDIAW	0	1	1	0	0	2	1	1
AACGKPATAEIAA	0	0	2	1	1	0	0	1
EELIGVNHP	1	0	1	0	0	0	2	0
RDTKETLGATM	1	2	2	1	0	0	0	1
ETLKMLEGYVD	1	0	0	1	2	0	0	0
FTPDVVAGFEPKANLLSSSSQQVLD	1	1	0	0	0	0	0	0
TTPVALVAGFALAAQLSD	1	1	1	1	0	0	0	0
PITVIEANLSN	0	0	0	0	0	0	0	1
ISASASESLSASLSASNGN	0	0	0	0	0	2	0	0
QDVLDSATSGMDLDADAIKD	0	1	0	1	0	0	0	0
DFATSMGFD	0	0	1	1	0	0	0	0
FISYDNTKTI	0	0	0	0	0	1	0	0
APAINVIEH	0	0	0	1	0	1	2	1
SARSRLDNAVRHR	0	0	2	0	0	0	1	0
EPVAAAIDAVA	1	1	1	0	0	1	0	1
AEPDEIAMIADA	0	0	1	0	1	0	2	0
DAVIDKDFAAAKMAV	1	1	2	1	0	0	0	0
DKVTIELLGDD	0	1	0	1	0	0	1	0
FTEVAGVNPV	0	1	1	1	0	1	1	0
DLFRMYARYAERRGWRVDVIDKNATE	0	1	0	1	3	0	1	2
FLAYDDHA	1	0	1	0	0	1	0	0
SDRNFLGEVEGTGSVGD	0	1	1	0	0	0	0	2
PADIAAVNASRPDQI	1	0	0	2	0	1	1	0
HEVIVESGGD	1	0	1	1	1	0	0	1
GFDAFDFGD	1	0	0	1	0	0	1	0
NPQVDIAEDNAFFPSEYSLSQYTSPVSDLDGVDYPKPYR	0	0	0	0	0	0	0	0
AGAEVKVTEEPE	1	0	0	1	0	1	0	1
LRDREVVVKLFD	0	0	0	0	0	0	0	0
DAADTPTVFQRATAI	0	0	0	0	1	0	0	4
YNDIIVFNDSVEGV	0	1	0	0	0	2	0	2
EFSIPIYIVGNG	0	0	0	0	0	0	0	0
ITVGGLATILSYANQ	1	1	1	0	0	0	0	0
CICQEGVCLIRGTSVGD	0	0	0	0	1	0	0	0
DEIELKIEALIDED	0	0	0	0	0	0	0	0
ICLLSMLFSI	0	0	2	0	0	0	0	1
IPTAMVAAELAA	0	0	0	0	0	0	0	0
DTVTFLLFSPM	0	0	0	0	0	0	0	0
PEVAGAGQAGFAVH	0	0	0	0	0	0	0	0
PLDSETGSLIAA	0	0	0	0	0	1	1	0
VAADLTGASTDDNGVLIS	0	1	0	0	0	0	0	0
ALVGVDRILFSVD	0	0	0	0	0	0	0	0
WDGWKQLTD	2	0	0	0	0	0	1	0
PLTVINNRPF	2	0	0	0	0	1	0	0
SLARDCSSSPSLARAC	0	0	1	0	0	0	0	0
TSEALTQACLD	1	0	0	1	1	0	0	1
AQSGPALWRPM	0	0	0	2	0	0	0	0
KVTIEEALEA	1	0	1	1	0	0	0	0
EDVTAFVGICRDWDIPYV	0	0	0	0	0	0	0	0
RYDLLLVNGD	0	0	1	0	1	0	0	0
VDPLQFAEIAA	0	0	2	0	0	0	0	0
LRNAILPVITYVGPMLAS	2	0	0	0	0	0	0	0
AFASAPAGSALESSSAAIA	0	0	0	0	0	0	0	0
LEDLAGILPRV	0	0	1	0	0	0	0	0
EPLEARAAVLDAA	1	1	0	0	0	0	1	0
LDQFTEQASAQSLDEA	0	0	0	0	1	0	0	0
LHPFREKVVHTGDDGVPQVTLLSSYEP	0	0	0	0	0	0	0	0
VVTLSGFVESQAQAEEAVK	0	0	0	0	0	0	0	0
DKVTLEVEVEG	1	1	0	1	0	1	0	0
MTKKPSFDEN	0	1	1	0	0	2	0	1
EIIATVWGKGYKI	0	1	0	1	0	0	0	0
PSSSAMLAERLGESTRLALEAD	0	0	0	0	0	1	0	0
QPVTQTVNLIFD	0	1	0	0	1	0	1	0
VTAMTDNSDGLIQDCGI	0	1	0	0	1	0	1	0
YNDLVYLTDIEEP	0	1	0	0	0	0	0	0
IDELAGLRLVP	1	0	1	0	0	0	0	0
LDSVQKDAEWEKSP	1	0	0	1	0	0	0	0
AFLISNQVIAVLG	0	0	1	1	1	0	1	0
GNIILAFTD	1	0	0	0	0	0	0	0
PADQVALIRS	0	0	0	0	0	0	1	1
PECTPDAVALADYAGSTTGIIKY	2	0	1	0	0	0	0	0
IATVYQELSLV	0	0	1	0	0	0	0	0
PEEAQDALAS	0	0	1	0	1	0	0	1
LNIGSVEDFRSYY	0	1	0	0	0	0	0	0
GMQEGEFLAE	1	0	0	0	1	0	0	1
FLSNKYTSLE	0	0	1	1	0	0	0	1
TSSIREILGIARNLSD	0	1	0	0	2	0	0	0
WSIGLSYIPSHV	0	1	1	1	0	0	1	0
GHGIGMGGD	0	1	1	0	1	0	1	1
EGVITVEDGKSLADELDVVEGMQFDR	0	0	0	0	0	0	0	0
KSFAFDNISD	0	0	1	1	0	0	0	0
DFDTSKPF	1	0	1	1	0	0	0	0
ETIKVELPVLVTTTKH	0	0	2	0	0	0	0	1
HRFGEQNE	0	0	0	1	0	0	0	0
YAQSAAKALMENTD	0	0	0	1	1	1	0	0
IMNAIADVLSDFPD	0	0	0	0	0	0	0	0
PSSPANGKFVD	0	1	0	0	0	0	0	0
VTAIGIGIAID	0	1	0	0	0	1	0	0
GGREVRDGGGIKP	0	1	0	0	1	0	0	0
QWRVLIGDDVAGTLLEYARSINASQLVIGRRP	0	0	1	1	0	0	0	0
YGVDFDGKRHIAE	0	1	1	0	0	0	0	0
PDIKADLID	0	0	0	1	0	0	0	0
LTRLDEPDVPGWRGRGID	0	0	1	2	0	0	0	0
TEYTITVTNSGPSYATQVVVTDKFPASGS	0	0	0	1	1	0	0	0
AMLQDIATLTGGTVISEEIGMELEK	0	0	0	0	0	0	0	0
SDAKGDLYLVVE	0	1	0	0	0	0	0	0
SVVRHIADDV	0	0	0	0	0	0	0	1
IQAVIDEVVQFPIDS	1	0	0	0	0	0	0	0
IIAGDFNAEPD	0	1	1	0	0	1	1	0
VPEKFNFAYDV	0	0	0	0	0	1	0	0
MAIYSLITDKSTDEIEQLYEGKGYGQFKN	0	0	1	1	1	0	0	1
LATVVYLSLKM	0	0	0	0	0	0	0	0
NVTLTEKDVMG	0	0	0	1	0	0	1	0
ISLAYVLNTML	1	0	0	0	0	0	0	0
FTILIIQFISD	1	0	0	0	0	0	0	0
VGSDFPYVNAN	0	0	1	0	0	0	0	0
IALLYLMPH	0	1	0	1	0	0	0	0
IATVELGRLTY	1	0	0	0	0	1	0	0
SETLGVFQFES	0	1	1	0	0	0	0	0
WDFGAGKILC	0	0	0	0	0	0	0	0
ASQSYLYRELSASDR	0	0	0	0	0	1	1	0
LSVGMAFQVFGAQTGNGL	0	0	0	0	0	1	0	0
NFVGKYSFRYEKELSNG	0	1	0	0	0	0	0	0
IEEMTLEINQRPR	0	0	0	1	0	1	0	0
PLTVICNGKAH	0	0	0	0	0	0	0	0
WGDWSVGATLG	0	0	1	0	0	0	0	0
LGTLSGLLYAYFA	0	1	0	0	0	0	0	0
EEILEAAPH	0	0	0	0	0	0	0	1
PITVLQGQLSD	0	0	0	0	0	0	0	1
FVTGLDGSVYSLSASGTL	0	0	0	0	1	0	1	0
TVPIAEQDLAV	1	0	0	0	0	0	1	0
NNKDFINIC	0	0	0	0	0	0	0	0
LATVFGGLMLTL	0	0	0	0	0	0	0	0
RLDPVADAVAA	1	0	2	0	0	0	0	0
PLELIKQSLID	0	0	0	0	0	0	0	0
QLDFKETENQEL	0	0	0	1	0	0	0	0
DDILETVCHHFNVS	0	0	0	0	0	0	0	0
FSAVLIIHG	0	0	0	0	0	0	0	0
SIRRAGEDLGAGDPVMAAGTRLSAAAVSALASVG	0	0	0	1	0	0	0	0
DPLQLEGLVEQAILESDE	0	0	0	0	1	0	0	1
LASIYVKKAQETKGD	0	0	0	0	0	0	0	0
LPDILAVTD	0	0	0	0	0	1	0	0
ESRSQAIVDMINKHLIAEQAQANEVMVGT	2	0	0	1	0	0	0	0
EVRSLIEDN	0	1	0	0	0	0	0	0
KSQVDQAELAA	0	1	1	0	0	0	0	0
DPLWDQLLD	0	2	0	0	0	0	0	0
SCVSACIRDRLTGLGGM	0	0	0	0	0	0	0	0
LSAIVALGAEV	0	0	1	1	0	0	0	0
DFGDAFGF	0	0	1	0	0	0	1	0
TDLGFAILFSVE	0	0	0	1	1	1	0	0
SEISIISLFDM	0	1	0	0	0	0	0	0
VTCSASLSLTLPNQDIS	0	1	0	0	0	0	0	0
DDIGPAFAFAGKVRE	0	0	1	0	0	0	0	0
KDIKPDGNILDF	0	0	0	0	0	1	0	1
NEPPQLSVLGSGAW	0	0	0	0	1	1	0	1
PMRSNFSRDLSVTGG	0	0	0	0	0	1	0	0
VINDNFGIIEGLMTTVHATTATQK	0	0	0	0	1	0	0	0
CKNLDEFIVDL	0	0	0	0	0	0	0	0
GTGNTKTIAETIAEETGAD	0	0	0	0	0	0	0	0
PAYDPRAELA	0	1	0	1	0	0	0	1
PLDAALCAEIT	0	0	0	0	1	1	0	1
IYVTISNGGPGELE	0	1	0	0	0	0	0	0
FTISMGPMA	1	0	1	0	0	0	1	0
PERATGGSPTPAADLFS	1	0	0	1	0	0	0	0
NATPALQAAVAA	0	0	0	0	0	1	0	0
IAAEYIARLIC	0	1	0	0	1	0	0	0
QPSQPLTYTNPAYA	0	0	0	0	0	0	0	0
PPDPNKYFTL	0	0	1	0	0	0	0	0
EDKVNDLLDTTADLPGWP	1	0	0	0	0	0	1	0
LSIEALESFV	0	0	0	0	0	0	0	0
QILDFNPAE	0	1	1	0	0	0	0	0
EVQLTGTGYAPEGNLIG	0	0	1	0	0	0	0	0
DLTADLKITMNTVD	0	0	0	1	0	0	1	0
PDGVLRDGGGRA	0	1	0	1	0	0	0	0
TEPKNALVKQYQTLLSYDGVELTFDQEALDAIAEKAIA	0	0	0	0	0	0	1	0
NGVCLTVTDLGED	0	0	0	0	0	0	0	0
QPDSNTIAVW	0	0	1	0	0	0	0	0
NADTGFPYLVLD	0	0	0	0	1	0	0	0
MENNTLYIVI	0	1	0	0	0	1	0	1
STTSAIGSVDATVQMGL	0	0	0	0	0	1	0	0
PVESALTVY	0	0	0	0	0	0	0	0
IAYALDLKSML	0	0	0	0	0	0	1	0
GGKENVHFSVVE	1	0	0	1	0	0	0	0
DEGHASGDAEPFRGR	0	0	1	0	0	0	0	0
PLTVLFGTYAA	0	0	0	0	0	0	0	0
NTQRQSSAECLSASSAL	1	0	1	0	0	0	0	0
KVSAEYTVAAGEAAK	0	0	0	1	1	0	0	0
ALHGLGLYIYAGE	0	0	0	0	0	0	0	0
TAEEILREYG	0	0	0	0	0	0	0	0
FSGFLYSLPGSIA	1	0	1	0	0	0	0	0
PLTVLWITPM	0	0	0	0	0	0	0	0
ACICLTQDASQDLICAA	0	0	0	1	0	0	2	0
DPLLLDAQLSDT	0	0	0	0	0	1	1	0
GIRAEAVARGLDF	0	0	0	0	0	0	0	0
FQGDSLSSPSSIAACPK	0	0	0	0	1	0	0	0
LEVLDAQRTLSQGNIG	0	0	0	0	0	0	0	1
QRGLNIDAIIFD	0	0	0	0	0	0	0	0
FNSSLFLTSKD	0	0	0	0	0	0	0	0
DIPLIAVDT	0	0	0	0	0	0	0	0
DEDLEPVVPESIPSVLLNYDDVLDK	0	0	0	0	1	0	0	0
GAGFGGQGGFGGQGAGFGGQGTGFDNDTK	0	0	1	0	0	0	0	0
VPGAAFSNGRT	0	0	0	0	0	0	1	0
VFPSPLSPID	0	0	0	0	0	0	0	0
SISIKEVDLD	0	0	0	0	0	1	0	0
LSALVAGLIDA	1	0	0	0	0	0	0	1
FDKVITLTE	0	0	0	0	0	0	1	0
YSVAGAVDAAID	0	0	0	0	0	0	0	0
IPMGETAEAIAA	0	0	0	0	0	0	0	1
VNPMFVDAD	0	1	0	1	0	0	0	0
LPAVGITLDPL	0	0	0	0	0	0	0	0
DGSVPANGSVPADG	0	0	0	0	0	0	1	0
YSTIPGVREDVVD	1	0	0	0	0	1	0	0
ADVSVDVKD	0	0	0	1	0	0	0	0
TENDEVTDLAD	0	0	0	0	0	0	1	0
TPQQVADKIIDF	0	1	0	0	0	0	0	0
VTAIYDVPVGQV	0	0	1	0	0	0	0	0
TDNYFIVIVD	0	0	0	0	1	0	0	0
MTAVMSYAVGEV	1	0	0	0	0	0	1	0
MFAKDDNASIMLGYGYRF	0	0	0	0	0	0	0	0
MNLFGDAGSAIA	0	1	1	0	0	0	0	0
DKTNIDYLVLD	0	0	0	0	0	0	0	0
PLPFTDFE	0	1	0	0	0	0	0	0
AAGGDVNALASSLHG	1	0	0	0	0	0	1	0
EEDTEVVVLPE	0	0	0	0	0	0	0	0
GVVSRIATVDFP	0	0	0	0	0	0	1	0
FDMMGSLFGGGAGGGGGSGGGGNSR	0	0	0	0	0	0	0	0
EGVITVEDGTGLQDELDVVEGMQFDR	0	0	0	0	0	0	0	0
AITNIGASYT	0	0	0	1	0	0	0	0
GNDVVAMHV	0	0	0	0	0	0	0	0
AITNGIADYIG	0	0	1	1	0	0	0	0
HAALINGGVFLYV	0	0	0	0	0	0	0	0
GSGNGWFITNGKAEK	0	0	1	0	0	0	0	0
LNGAGKGIGVDI	2	0	0	0	1	0	0	0
HTVKTGIE	0	0	0	0	0	0	1	0
DGEEILSFR	0	1	0	0	0	0	0	1
VMMDDKDKTLFPEKSDA	0	0	0	0	0	1	1	0
FVFIFQNF	0	1	1	0	0	0	1	0
ELLAIKEEDIDLE	0	0	0	0	0	0	0	0
PSTVYDVARITNTPV	0	0	1	0	0	0	0	0
SHIKTIGFD	0	0	0	0	0	0	0	0
YSSFKQGSFG	0	0	0	0	1	1	0	1
DVVFVESGGD	0	0	0	0	0	0	1	0
RDESTGKVEIIGVAAATGNGANILVGNAAHD	0	0	0	0	0	0	0	0
GIAGVDALGNIIDF	0	0	0	0	0	1	0	0
QYLQIIENILD	0	1	0	0	1	0	0	0
LPVSQVAISVG	0	0	0	0	0	0	0	0
GGIPDLIAVAKDESGHAKDLALSYASAIGGGR	0	1	0	0	0	0	0	0
LAKRREGFDDDSV	0	0	0	1	0	0	0	0
IPDQIGFELAA	0	0	0	0	0	0	1	0
PVESLSLYA	0	0	0	0	0	0	0	0
ESVRAAGIDTLI	0	0	0	0	0	1	0	0
LADPEEDFEEFAPV	0	0	0	0	0	0	0	0
PLTVIDDRSR	0	0	0	1	2	0	0	0
TALAKVLLQTMPDA	0	0	1	0	0	0	0	0
EALVSRFMVINMPTLTQDD	1	0	0	0	0	0	0	0
DLPFLNAELAA	0	0	2	0	0	0	0	0
GEPRPVVLSEGGISFQHSEAFSL	0	0	0	0	0	0	0	0
AQMVVADINDSFDP	0	0	0	1	1	1	0	0
ILVENGGPAVLAVPVNAREGLLLSAGRSA	0	1	0	0	0	0	0	0
LNEAVTIVYD	0	0	0	0	0	0	2	0
VGEEVEIVGIK	0	0	0	0	2	0	0	0
IDVEIPRGS	0	0	0	0	0	0	1	0
TELYPTLDAYHNA	0	0	0	0	0	0	0	0
NGAFLATLKD	0	0	0	0	0	0	0	0
IKIEAGLADL	0	0	0	1	0	0	0	0
NEDFVLLTTD	0	0	1	0	0	0	0	0
ITTLWMPEV	0	0	0	0	0	0	0	0
PYPELLAKLDAQR	0	0	0	0	0	0	0	0
DISATAIIKPGADIASITDV	0	0	0	0	0	0	0	0
AAVLITGDVYD	0	0	0	0	0	0	0	0
GSVDFTIKAD	0	0	0	0	0	0	0	0
ALATVGDLVDY	0	0	0	0	0	0	0	0
FQRMLLPD	0	0	0	0	0	0	0	0
GESGPFMADAE	0	0	0	0	0	0	0	0
SIDYSFLALTPEALEENLRNKLCHYYEK	0	0	0	0	0	0	0	0
LDGVIYDGDLSDINPMDIQSVDVLKDASSVA	0	0	0	0	0	1	0	0
IKNDSNQLISIMRG	0	1	0	0	0	0	0	0
IPLEDKSVDRVIS	0	0	0	0	0	0	0	0
MPKDFLWGS	0	1	0	0	0	0	0	0
YFPQAEFPKTNV	0	0	0	1	0	0	0	0
DLGMDASILSQIDSIAEE	0	0	0	0	0	0	0	0
REIQVMNIDP	0	1	0	0	0	0	0	0
FENIRMEANGRYY	0	0	0	0	0	0	0	0
SYYLLSFDVYG	0	0	0	0	0	0	0	2
LEEVKAKLADLGL	0	1	0	0	0	0	0	0
SVARQFDVPA	0	0	0	0	0	0	0	0
AFIDWQIDL	1	0	0	0	0	0	0	0
YVEALQDVGVAH	0	0	0	1	0	0	0	0
GWITEAGFFTD	0	0	0	0	0	0	0	0
QSAAAVALGL	0	0	0	0	0	0	0	0
YASQIGNADVEIME	0	0	1	0	0	0	0	0
LVGDLAQLPIG	0	0	0	0	0	0	0	0
AEAMELFQSIIDTDPNE	0	0	0	0	0	0	0	0
YDVNGGSVRVNGVD	0	0	1	0	0	0	0	0
RRLTSPVFLAHYADV	0	0	0	0	0	1	1	0
PITETLAAALIMM	0	0	0	0	0	0	0	0
VKDLATELGVPT	0	1	0	0	0	0	0	0
DDLQENFT	0	1	0	0	0	0	0	0
DFGYDQVFAK	0	0	0	0	0	0	0	0
SRGLTYNIYSSD	0	0	0	0	0	0	0	0
GCAAQIASGALRPGSWNSVLGTTLVLKGASAEP	0	0	0	0	1	0	0	0
DVFDDLLDDLTGIFDGDDDGGDGGD	0	0	1	0	0	0	0	0
GFGSASVSSQYKSGFR	0	0	0	0	0	0	0	0
SIYQELLFSLD	0	0	1	0	0	0	0	0
QPASAQGNALLD	0	0	0	0	0	0	0	1
TENVTFVNQ	0	0	0	0	0	1	0	0
IPGIDLAGEVIASR	0	0	0	0	0	0	0	0
GEPAEFPVNGVIPGWIEALTLMPVGSK	0	0	0	0	0	0	0	0
QANVSSAID	0	0	0	0	0	0	0	1
YAGADEALNLD	0	0	0	0	1	0	0	0
YNYDKSLINNG	0	0	0	0	1	1	0	0
LMEKEGILAGISSGAALAAAVK	0	0	0	0	0	0	0	0
TISGEVPVAVSLDEE	0	0	1	0	1	0	0	0
LNPVTVEEQE	0	0	0	0	0	0	0	1
LDVMQAPVI	0	0	0	1	0	1	0	0
MEFSPFALE	0	0	0	0	1	0	0	0
PEALAFAAELAA	1	0	0	0	0	0	0	1
NQENLDFVEEID	0	0	0	0	0	0	0	0
ESEARIQAMENHAD	0	0	0	0	0	1	1	0
SIPALADFDI	0	0	0	0	0	1	0	0
SLEIAFFISL	1	0	0	1	0	0	0	0
DLNDVKAELAA	0	0	0	0	0	0	0	0
DFNASAVSIDN	0	0	1	0	0	0	0	0
LGNDVVAMHV	0	0	0	0	0	0	0	0
STTSSALALSANMNVVE	0	0	0	0	0	0	0	0
AERAYFGGNRTQIAREYGRLLSYSPE	0	0	0	0	0	0	0	0
IATVFVDIFRG	0	0	0	0	1	0	1	0
SKRLISALNSEYKKGKEE	0	0	0	0	0	0	0	0
LDEDIPVRKGLKAGDEVVLYTVIGADGAGVM	0	0	0	0	0	0	0	0
CDSLFFGKEGGAFFR	0	0	1	0	0	0	0	0
AIDKPFLLPIEDVFSISGR	0	0	0	0	2	0	0	0
YRDVNNDGLVSASDR	1	0	0	0	0	0	0	1
THDELGEMAHA	0	1	0	0	0	0	0	0
YGLFGIAVVATVV	0	0	0	0	0	0	0	0
AELSLVDDVF	0	1	0	0	0	0	0	0
VYSVDNLNHFA	0	1	0	0	0	0	1	0
LASYVLIVDFP	0	0	0	0	0	0	0	0
ALTVYARLTMP	0	0	0	0	0	0	1	0
DLNDVKAELA	0	0	0	0	0	0	0	0
TKEPESMPPDQ	0	0	1	0	0	0	0	0
QDYVVAATAMTVTAANDPFI	1	0	0	0	0	0	0	0
AAPDPIND	0	0	0	0	0	1	0	0
TVTTAVTSEILQSL	0	0	0	0	0	0	0	0
IYSLEADAQPGVVS	0	0	1	0	0	0	0	0
NAVFGDEADAIKPVEV	0	0	0	0	0	0	0	0
VPTICTLIDD	1	0	0	0	0	0	0	0
SEAALILEND	0	0	0	0	0	1	0	0
IGGDTTQSTQLTISVTA	0	0	0	0	0	0	0	0
THSAIFEAEFEEVD	0	0	0	0	0	0	2	0
VSDAVTLEN	0	1	0	0	0	0	0	0
EIRAQLGVDL	0	0	0	0	0	0	0	0
PSEHHIPHGLMM	0	0	0	0	0	0	0	0
LSALSAVGRVYVGP	0	0	0	0	0	0	0	0
LSALSGASILLSGAF	0	0	0	0	0	0	0	0
DVGLPSMAEL	0	0	0	0	1	0	0	0
PEMTVAMTTEAV	0	0	1	0	0	0	0	0
NFNYGRPYTQELED	0	0	0	0	0	0	0	0
EDRLKEYEATTL	0	0	0	0	1	0	0	0
SLALVGAIAVE	1	1	0	0	0	0	0	0
KETGDKDATWKRF	0	0	0	0	0	0	0	0
IADQLIVGGGIANTFIAAQGHDVGK	0	0	0	0	0	0	0	0
PLDLLVDDEGDV	0	0	0	0	0	0	0	0
SFALQNEDKDFIQNPSGESNKTAT	0	0	0	0	0	1	0	0
VSGGYFVQPLP	1	0	1	0	0	0	0	0
YSLQFSVDI	0	0	0	0	0	0	0	0
AAAELTQSAWSDLGATV	0	0	0	0	0	0	1	0
VEPPSKEAVEAV	0	0	0	0	0	0	0	0
SFQADEINLD	0	0	1	0	0	0	1	0
SRDFGENKV	0	0	0	0	0	0	0	0
GDKIAPNATLIFD	1	0	0	0	0	0	0	0
ANILPVIGTPHV	0	0	0	0	0	0	0	0
ADDFGRSSRV	0	0	0	0	0	0	0	0
YPALRFGLS	0	0	1	1	0	0	0	0
LVLDWVGSVPGRR	0	0	0	0	0	0	0	0
VSGEQRKANLLMLAEKARDYE	0	0	0	0	0	0	0	0
LQGQEQAEIDRIL	1	0	0	0	0	0	0	0
LPKFEVEE	0	0	0	0	0	0	0	0
INPQSLKGQIQGG	0	0	0	0	0	0	0	0
PEPLTIHNYVGG	0	1	0	0	0	0	0	0
SKYLTEKEQP	0	0	0	0	0	1	0	0
VDLASLLKQEV	0	0	0	0	0	0	0	0
LGTGAAWLYSITV	0	0	0	0	0	0	0	0
NLGLIYGVDVD	1	0	0	0	0	0	0	0
AYLDGAIEALNKIKGCQVEKVSEY	0	0	0	0	0	0	0	0
IQFANAEMAEAASVGD	1	0	0	0	0	0	0	0
GMQEGEFLAEN	0	0	0	0	0	0	0	0
AEGQVIAAAASAGEVLTTT	1	0	0	1	0	0	0	0
LSQYTSKED	0	0	0	0	0	0	0	1
FTFTKMEYLETKLNHKTVD	1	0	0	0	0	0	0	0
PINLNVSDNVDT	0	0	1	1	0	0	0	0
SAESISISSLHARERA	0	0	1	0	0	0	0	0
VSIQIVGSP	0	0	0	0	0	0	0	0
GSPLGCAAALAVLD	0	1	0	0	0	0	0	0
NHQKNAIARILYGGN	0	0	0	0	0	0	1	0
HRSTRSLTLTAEGA	0	0	1	0	0	0	0	0
LITGDGSIMMNCQEFATMADND	0	0	0	0	0	0	0	0
HYAETVRQAAQEPDDD	1	1	0	0	0	0	0	0
QSAAVAAVLA	0	0	0	0	0	0	1	0
IEVIPAVES	0	0	0	0	0	0	0	0
LDKKVLVIDADPQ	0	0	0	0	0	0	0	0
PGAVYDVPQVID	0	0	0	0	0	0	0	0
GYVLLLSNKIH	0	0	0	0	0	0	0	0
GSRRENAEIA	0	0	0	0	0	0	0	0
PEKVSGLILFGPF	0	0	0	0	0	0	0	0
TEEKIVDVISRESLLQKNINFEY	0	0	0	0	0	0	0	0
ATLKPEGQAALDQLYSQLSNLDPK	0	0	0	0	2	0	0	0
ALPSAIDFVE	0	0	0	0	0	0	0	0
AARAEWAELAA	0	0	0	0	0	0	0	0
ILLINPTDSDAVGNAVK	0	0	0	0	2	0	0	0
VDFAQVKDT	0	0	0	0	1	0	0	0
FNDLTGASQYVGNWPG	0	0	0	0	0	0	0	0
IDVEINLAV	0	0	0	0	1	0	0	1
DISIESIKNIL	0	0	0	0	0	0	0	0
TLKEVGATVILLS	0	0	0	0	0	0	0	0
PEVKGMLYYVD	0	0	0	0	0	1	1	0
GAPPSGYDFGD	0	1	1	0	0	0	0	0
GGIINTDFE	0	0	0	0	0	0	0	0
HTIENIVKVTSGSTPEAAAIIDSLYASVLT	0	0	0	0	0	0	0	0
PKGIIVQYVD	0	0	0	0	1	0	0	1
IDQLSSDVQTLNAK	0	0	0	0	2	0	0	0
AVSDMLNPLSD	0	0	0	0	0	0	0	1
VVNELEAAFISGIDYTDNNLEEI	1	0	0	0	0	0	0	0
GCRIVEEDE	0	0	0	0	0	0	0	0
MSLFGIKPNNNKY	0	0	0	0	0	0	0	0
ITKLSELSD	0	1	0	0	0	0	0	0
REKAILKNIDDITATLEH	0	0	0	0	0	1	0	0
ELAAYILFSDL	1	0	0	0	0	0	0	0
RAARILQQEGRSVTAVHPHWVIPAPRPLVRA	0	0	0	0	1	0	0	1
WYAKELNLD	0	0	0	0	0	0	0	0
ETRLWAELAA	0	0	0	0	0	0	0	0
DEIVAMKDGQLFTQGTTQEMIKKDVLDE	0	0	0	0	0	0	0	0
NTAIGAGAGALGGAVLTDGSTLGTLGGAAVGGVIGHQVGK	0	0	0	0	0	0	0	0
SVQITETARS	0	1	0	0	0	0	0	0
ELIEGKNLKDDVAAN	0	0	0	0	0	1	0	0
LFAPFASAQSLTVDNTTIPANEDTVAPAA	0	1	0	0	0	0	0	0
EYKNLMVAPGASSSSP	0	0	0	0	0	1	0	0
ELLVAPVPNYV	1	0	0	0	0	0	0	0
PSVLNVVTLLL	1	0	0	0	0	0	0	0
QRTEQGEALAA	0	0	0	0	0	0	0	0
VFVDVSDAKAVEN	0	0	0	0	0	0	0	0
KDIGNILNNLFD	0	0	0	0	0	0	0	0
AYKPAMIFV	0	0	0	0	0	0	0	0
ASVFFISLESNN	0	0	0	1	0	0	0	0
SILYGKYISGIY	0	0	0	0	0	0	0	0
SVFSFFSTKILT	0	0	0	0	0	0	0	0
GWDFTSKPSGT	0	0	0	0	0	0	0	0
GNIPLGAFSN	0	0	0	0	0	0	0	0
AEVTAEAPVVEQP	0	0	0	0	0	1	0	0
VINKGVSFHLFD	0	0	0	0	0	1	0	0
YPVYMTGPATFVYEGVFSPEGLM	0	0	0	0	0	0	0	0
EGVITVEEGSGLENELDVVEGMQFDR	0	0	0	0	0	0	0	0
ADQITEWVAR	0	0	0	0	0	0	1	1
GLKVGLASASPLMM	0	0	0	0	0	0	0	0
PDVNEESQKVVFGTSGHRG	1	0	0	0	0	0	0	0
FQRALGGLTE	0	0	0	0	0	0	0	0
GEDEILFRSD	1	0	0	0	0	0	0	1
NQALIQMNQLID	0	0	0	0	0	0	0	0
AYFGGDAASEALKSFSE	0	0	0	0	0	0	0	0
GLAAAGSAAVVVDTISR	0	0	0	0	0	0	0	0
EIGKELRAKMDKND	0	0	0	0	1	0	0	0
YKIYLSDNAIPTVDFS	0	0	0	0	0	0	0	0
LKDELTDRILTLPKE	0	0	0	0	0	0	0	0
KRSDMTLAVLEGVA	0	0	0	0	0	0	0	0
AFVTAANNDANITNLS	0	0	0	0	0	0	0	0
VGASYAELNLD	0	0	0	0	0	0	0	0
TVYAHQAELA	0	0	0	0	0	1	0	0
ISAAVKEKLPDILYLGSR	0	0	0	0	0	0	0	0
AMEYSLLAGGKRIRPT	0	0	0	0	0	1	0	0
LPSAIGEEVF	1	0	0	0	0	1	0	0
LGTLISSNVP	0	0	0	0	0	0	0	0
IMYYSDVDSIVYWANEAAYTYGVSG	0	0	0	0	0	1	0	1
SYVALSVLFSVS	0	0	0	0	1	1	0	0
LGADHPSTLASRRN	1	0	1	0	0	0	0	0
HAGSVTVAELAA	0	0	0	0	0	1	1	0
ALEGDAEWEAK	0	0	0	0	2	0	0	0
SKDGVEKDMGVIT	0	0	1	0	0	0	0	0
PQNPESYAVKNWIV	0	0	0	0	0	0	1	0
GSIQAIDYQQNGMNIAAFANTLVNKAHQQDD	0	0	0	0	0	1	0	1
ASIVTGLASLD	0	0	0	0	0	0	0	0
AYIALGANLGDREATLMQAISE	0	0	0	0	0	0	0	0
FCYKYIGQVYG	0	0	0	0	1	0	0	1
NAAGDMIPLSAFATIERSS	0	0	0	0	0	0	0	0
ADDFAKTDAR	0	0	1	0	0	0	0	0
GKQLLNGTNDIYNEY	0	0	0	0	0	2	0	0
HFPDNEEGNALMVEIAKKW	0	0	0	0	0	0	0	0
ENRSILLTKFVED	0	0	0	0	0	0	0	0
YVETITQEDLV	0	0	2	0	0	0	0	0
IPTQDGVP	0	0	0	1	0	0	0	0
PADEENFRRAGELAGQACEP	0	0	0	0	0	0	1	0
IMEDVVDVDADD	0	0	0	0	0	0	0	0
LAQQAGVLDALD	0	0	0	0	0	0	0	0
IDGIPTDLGLSSLNMADVERVDVLKDASATAIY	1	0	0	0	0	0	0	0
NRIVSSPNLIFD	0	0	0	0	0	0	0	0
QVLNTKNELISLLEN	0	0	1	0	0	0	0	0
ELLAIKEEDIDLEHKTLEINGTI	0	0	0	0	0	0	0	0
VFLTKNGYGKFA	0	0	0	0	0	0	0	0
PLQIVVEDD	0	0	0	0	0	0	0	0
YAFESGKTIVSE	0	0	0	0	0	0	1	0
KRIGIIGAMPSELVDIRAALPNSNIIRKSGFD	1	0	0	0	0	0	0	0
FDKIEFYAKIKFNS	0	0	0	0	0	0	0	0
HIAHQIIEK	0	0	0	0	0	0	0	0
LATVTTSVLMLS	0	0	0	0	0	0	0	0
PETPLLCINSTN	0	1	0	0	0	0	0	0
RFSDRVATDPATFAPN	0	0	0	0	0	0	0	1
KECVDQGMCADLAIHDPDGHNPHA	0	0	0	0	0	0	0	0
TPQVPHGITESQTR	0	0	0	0	0	0	1	0
HPWEALDPNLKVG	0	0	0	0	0	0	0	0
GLNGVTTKVDYILVSD	0	0	0	0	0	0	0	0
EILSQGGAEL	0	0	0	0	0	0	0	0
GITINTSHVEYDTPTR	0	0	0	0	0	0	0	0
SDKEPIMGVEVAPQDGFKA	0	0	0	0	0	0	0	0
GNIVGTETVEVSGTITV	0	0	0	0	1	0	0	0
VYVQDQLEITE	0	0	0	0	0	0	0	0
DVPGIFVDRLL	0	0	0	0	1	0	0	0
RDAVVEVVKLCDVVE	0	0	1	0	0	0	0	0
DEVVSMLTPV	0	0	0	0	0	1	0	0
ADIDRLAELAA	0	0	0	0	0	0	0	0
DLYQLGCLGFLKAVRGFDPA	0	0	0	0	0	0	0	0
TVEEARDLGGALATLRGGEADYLTFTSPSAVES	0	0	0	0	0	0	0	0
LSAISGIMELQNL	0	0	0	0	0	0	0	0
PGVAVAQGASGSKAALIVDASGSMLDAD	0	0	0	0	0	1	0	0
ARRALQNLVDL	0	0	0	0	0	0	0	0
INRGGGNLIIE	0	0	0	0	0	0	0	0
TSTSASISVSISASISAS	0	0	0	0	0	0	0	0
APGTRIGDAVAA	0	0	0	0	0	0	0	0
SRDFDRRES	0	0	0	0	0	0	0	0
APTPHVITLFDTVEV	0	0	0	0	0	0	1	0
VMEGGSRYYFNNQVSFNA	0	0	0	0	0	0	0	0
YISLLTVMPDSPI	0	0	0	0	0	0	0	0
AIFVCGQNLS	0	0	0	0	0	0	0	0
YGMKYSVYPNMG	0	0	0	0	0	0	0	0
GSTTNNTVRGKEVAF	0	0	0	0	0	0	0	0
LSILMPTVAANAATVVNTPKP	0	0	0	0	0	1	0	0
RPNVIVVVLESFSGKIM	0	0	0	0	0	0	0	0
PQEKELIVSGFPKMS	0	0	0	0	0	0	0	0
CADLSINLED	1	0	0	0	0	0	0	0
DSFKGFLGGSVLSM	0	0	0	0	0	0	0	0
NISVVSVSNALNGR	0	0	0	0	1	0	0	0
SGLEANKRGCLIVDE	0	0	0	0	0	0	0	0
LENGGSIHGDVIASDV	0	0	0	0	0	0	0	0
DGQTVLQDGDLL	0	0	1	0	0	0	0	0
IEPVNFAEI	0	0	0	0	0	0	0	0
ANPGLVRTLSV	0	0	0	0	0	0	0	0
IRPLADENGVD	0	0	0	1	0	0	0	0
SYVKSIFLSTTM	0	0	0	0	0	0	0	0
MKTMTAIFAASLLSAAA	0	0	0	0	1	0	0	0
NLINTDEF	1	0	0	0	0	0	0	0
TELFRTGDP	0	0	0	0	0	0	0	0
PEVQFAWQGGEP	0	0	0	0	0	0	0	0
ISALSGGETNIVAGVDRRAGEEGISRP	0	0	0	0	0	0	0	0
TPLLGFVDIAVV	0	0	0	0	0	0	0	0
DQPTYEATVYINSKGLG	0	0	0	0	0	0	0	0
ELLSQYDFPGDDTPIVR	0	0	0	0	1	0	0	0
DEFLKQAAQVFPYPIQIISGQEE	0	0	0	0	0	0	0	0
EFPSELYIVL	0	0	0	0	0	1	0	0
GYTSVFVDTDS	0	0	0	0	1	0	0	0
DSQVVLLTPSKTLA	0	0	0	0	0	0	0	0
PEVKFLRDASM	0	0	0	0	0	0	0	0
APLLPIVEPVQVQFVVAPPGGTVREVITKL	0	0	0	0	0	0	0	0
NSGLSDILYVLD	0	0	0	0	0	0	0	0
TPSFAAASQQELYDHYRAVAEAVD	0	0	0	0	0	0	0	0
SLQDKLED	0	0	0	0	0	0	0	0
IDEKSGACSVVYLAVGD	0	0	0	0	0	0	0	0
GALLSTAIVLFMGGG	0	0	0	0	0	0	1	0
LASIVARFFDP	0	0	1	0	0	0	0	0
NITAVTAGNTDGRGAATLTADGI	0	0	0	0	0	0	0	0
YQYWLVIVD	0	0	0	0	0	0	0	0
KPSTRKAAGL	0	0	0	0	1	0	0	0
AMLVLNYVYAVPLYAQFAN	0	0	0	0	0	0	0	0
KAVQQTDASLAELENATN	0	0	0	0	0	0	0	0
QSIVVENPKQVV	0	0	0	0	0	0	0	0
LFTGKVGY	0	0	0	0	0	0	0	0
FVVLYNLNNVN	0	0	0	0	0	0	0	0
YGNYNTIEWASRDGI	0	0	0	0	0	0	0	0
VFSFTLLEGGNS	0	0	0	0	0	0	0	0
LAYSNKIVDVYTKLSHNAGVSAQDLAAGVERSGSV	0	0	0	0	0	1	0	0
GYDEKITE	0	0	0	0	0	0	0	0
ADIIEVSPEAY	0	0	0	0	0	0	1	0
RQLTVVSVAAAVL	0	0	0	0	0	0	0	0
ALAYLHTVTES	0	0	0	0	0	0	0	0
GYLFLTLAILGE	1	0	0	0	0	0	0	0
LTAGLRAPGGDLTALARS	0	0	0	0	0	0	0	0
GITITSAATTAFWSGMAK	0	0	0	0	0	0	0	0
WLLVETSSDTIYSYRPD	0	0	0	0	0	0	0	0
YGRLVDADEVTSDEALSVT	0	0	0	0	0	0	0	0
GGSKEAFLSFLD	0	0	0	0	0	0	0	0
GAAPLVFNPLSEAVTADVNLNAPPKN	0	0	0	0	0	0	0	0
CPRRIMNIDP	0	0	0	0	0	0	0	0
EKYKETLYY	0	0	0	0	0	0	0	1
PAGVYTVKYKF	0	0	0	0	0	0	0	0
FSSYEQDFTSITDS	0	0	0	0	0	0	0	0
MSAPARSTSLVIALGAVLLLGACGERPQTAFASHRKDDAPAYKGAEGD	0	1	0	0	0	0	0	0
ETQSVGTVVYVAISE	0	0	0	0	0	0	0	0
VAPDIVWDFR	0	0	0	0	1	0	0	0
RIAIIMAAIGL	0	0	0	0	0	0	0	0
TVIQLIENTAPLD	0	0	0	0	0	0	0	0
DVKNQDVLLFIDNIFR	0	0	0	0	0	0	0	0
YVTAGLGGLVP	0	0	0	0	0	0	0	0
EENIEDHEMHKEWYTVSQETA	0	0	0	0	0	0	0	0
AFTQTNKLLNIKCASVLTPHINKEESR	1	0	0	0	0	0	0	0
PIPDILPVPSES	0	0	0	0	0	0	0	0
GDTLTLTSSDLPK	0	0	0	0	0	0	0	0
YNLIGGDPKTFY	0	0	0	0	0	0	0	0
LLSFHLLIVVC	0	0	1	0	0	0	0	0
TMLPLNVLLNRLQHLEKLDLQGFF	0	0	0	0	0	0	0	0
ALGLATPTSIMVGSGVGARSGI	1	0	0	0	0	0	0	0
QAAAEIHTIRDTALFAEAVSTCPYVTRA	1	0	0	0	0	0	0	0
TVVWTSSNEAVATVD	0	0	0	0	0	0	1	0
YSYPTAQWPLT	0	0	0	0	0	0	0	1
KGGGIPDLIAVAKDESGHAKDLALSYASAIGGGR	1	0	0	0	0	0	0	0
DDYFQNRLQTVDENGVEYGDND	0	0	0	0	0	0	0	0
FNASVERSDSCAVPAA	0	0	1	0	0	0	0	0
GGTIDKFYSVAGTLDIGKPAAHDVLSR	0	0	0	0	0	0	0	0
LHQKQFESLPEEKQY	0	0	0	0	0	1	0	0
FILTDYTIT	0	0	0	0	0	0	0	0
NKSFTVDVLVSGQVMG	0	0	0	0	0	0	0	0
FQTAEEGTRGAVGMEAA	0	0	0	0	0	1	0	0
VDDQLKSFAKDPADTA	0	0	0	0	0	0	0	0
VNQDTDNIGARRLHTILEKMLEDLSYEAP	1	0	0	0	0	0	0	0
KKPVSFKIDIDLE	0	0	1	0	0	0	0	0
GQAILTRPFDSQPHW	0	0	0	0	0	0	0	0
TLDPEFVKQMLLTVAKNWSGADSSKNQLKALLPEA	0	0	0	0	0	0	0	0
RAEIVDTND	0	0	0	0	0	0	0	0
INDFFDNLVDL	0	0	0	0	0	0	0	0
FGGAKEDRALLES	0	1	0	0	0	0	0	0
AYDGIGLHAAADVHMV	0	0	0	0	0	1	0	0
RFIDEVPVLFQVDANGSLQ	0	0	0	0	0	0	0	1
ITMGIKASRH	0	0	0	1	0	0	0	0
LGTISGIYSHKFANDSTLRFELGGAG	0	0	0	0	0	0	0	0
ADSRTNAGLDQISSFRKLMVYENP	0	0	0	0	0	0	0	0
SASFLDMGTAIGAEPT	0	0	0	0	0	0	0	0
KPKHSHDVVVPMP	0	0	0	0	0	0	0	1
NSNGIELEISGPED	0	0	0	0	0	0	0	0
PALLSPEGRAAAMAAGEPSLS	0	0	0	0	0	0	0	0
KVGTYSTFTLLD	0	0	0	0	0	0	0	0
TSTTADAITASIPENATT	0	0	0	0	0	0	0	0
IVGRCIDP	0	0	0	0	0	0	0	0
AVQSKGRLYDDTMALFEEADIKIPFSKRTL	0	0	0	0	0	0	0	0
FWDYKQSIDPK	0	0	1	0	0	0	0	0
VFTGCTRIDDIQSVCNITYEAATVC	0	0	0	1	0	0	0	0
NVTVNKSEDTT	0	0	0	0	0	0	1	0
RASVALDERSLSAWDG	0	0	1	0	0	0	0	0
IGTIIAQIGD	0	0	0	0	0	0	0	0
ENTVIQDLLGD	0	0	0	0	0	0	0	0
ADFIAKTI	0	0	0	0	0	0	0	0
HALMAPKKHVEKEYAVLVDGLLSDKH	0	0	0	0	1	0	0	0
ISAIESSGYKFPGKR	0	0	0	0	0	0	0	0
NILMTVADRDKEEAARLAKGFIE	0	0	0	0	0	0	0	0
LSLTPFSDFDL	0	0	0	0	0	0	0	0
TISALHTRGTDTSSSIRDT	0	0	0	0	0	0	0	0
TVLIGGGDVDEAEDPQDDD	0	0	0	0	0	0	0	0
GGAIGGFLAASGKDVSFIA	0	0	0	0	0	0	0	0
SQAAALAAIVPLA	0	0	0	0	0	0	0	0
LSEMSQTAEQLIVIGRGKLVSHS	0	0	0	0	0	0	0	0
YEADAGAINID	0	0	0	0	0	0	0	0
IDAELDIDVTMTL	0	0	0	0	0	0	0	0
FGLKTVGY	0	0	0	0	0	0	0	0
YTIVIGNGITDEITAFVRS	1	0	0	0	0	0	0	0
PITGPYVIVGH	0	0	0	0	0	0	0	0
ENDEVIETLS	0	0	0	0	0	0	0	0
VSGDEAIEITD	0	0	0	0	0	0	0	0
FQRITGVNKFDEIM	0	0	0	1	0	0	0	0
LDLLAGVPEV	0	0	0	0	0	0	0	0
TATRGPYVLVIQPD	0	0	0	0	0	0	0	0
IEMVFDELKTHQRGPRMVLRS	0	0	0	0	0	0	0	0
LGTPEGAADFVATLHLPGAGITADQLAAAAQ	0	0	0	0	0	0	0	0
SQAAAAVALV	0	0	0	0	0	0	0	0
VSGDPADAGTLRDLQFAWRSL	0	0	0	0	0	0	0	0
DAETDAILGAQIVGEDGADKRVDVIATAMRAG	1	0	0	0	0	0	0	0
LASIIAECLYKSP	0	0	1	0	0	0	0	0
GFSQSVQYAGWS	0	0	0	0	0	0	0	0
DPTVRMGE	0	0	0	0	0	0	0	0
TFEGSAAANN	0	0	0	0	1	0	0	0
IAILFLFHP	0	0	0	0	0	0	0	0
ERAAGYVVFSIPVGCI	0	0	0	0	0	0	0	0
FADASFVRA	0	0	0	0	1	0	0	0
GKDTHRLSAIRTAPFYGVRTS	0	0	0	0	0	1	0	0
HGLRPDAAFAA	0	0	0	0	0	0	0	0
KNDIDTEVMISILDKNLYN	0	0	0	0	0	0	0	0
SDKKSAVPVIAV	0	0	0	0	1	0	0	0
IATVLEVSKEE	0	0	0	0	0	0	0	0
TGKTRTIRINPQLKRHIAECYEQI	0	0	0	0	0	0	0	0
YARDRNATFFSP	0	0	0	0	0	0	0	0
ENGRGIRLLGLGAQNLES	0	0	0	0	1	0	0	0
NARVYGFDKDPQAL	0	0	0	0	0	0	0	0
GPSAPLTSSGSPWPGLG	0	0	1	0	0	0	0	0
PDGRWVVVERQAAH	0	0	0	0	0	0	0	0
ETPAAPAEPV	0	0	0	0	0	0	0	0
FCEHGPLVIVYP	0	0	1	0	0	0	0	0
LEPFADDIWLLEEG	0	0	0	0	0	0	0	0
VSCSAVDSLSGLADNPCS	0	0	0	0	0	0	0	0
SVDKNVYLSAR	0	0	0	0	0	0	0	0
TVPGPDGGEVVVCRDEGI	0	0	0	0	0	0	0	0
FGSAATHPFLQIADDVKRVSLATDG	0	0	0	0	0	0	0	0
AVDGPANTALFVNAGPNDAAALCTALGE	0	0	0	0	0	1	0	0
NEIATLGVQDKVKLLGRISDEDL	1	0	0	0	0	0	0	0
DTMQLNTLLQTEQPD	0	0	1	0	0	0	0	0
ETLEVYLESPQKEA	0	0	0	0	0	0	0	0
ELDFGKDREG	0	0	0	0	0	0	0	0
DIMLFDEPTSALDPQ	0	0	0	0	0	0	0	0
AESHDIAEFLVMPGESEQVD	1	0	0	0	0	0	0	0
PLGDTLAGNIVGS	0	0	0	0	0	0	0	0
EAISVALERGTPL	0	0	0	0	0	0	0	0
GLYEIQPKVF	0	0	0	0	0	0	0	0
LGDRVAQLSHA	0	0	0	0	0	0	0	0
GKADVMVAGGTEAAISQAAVAGFAAMKAL	0	0	0	0	0	0	0	0
ADILEKTESNS	0	0	0	0	0	0	0	0
FLSQPFFVAEVFTGSPGK	0	0	0	0	0	0	0	0
GDGKDASIDFIRIPAF	0	0	0	0	0	0	0	0
ASMVAERAYFGGNRTQIAREYGRLLSYSPE	0	0	0	0	0	0	0	1
TWNAVPQGPPDAILGVTEAFKRDTSP	0	0	0	0	0	0	1	0
QFQQKCLDKIREFQAEGRTIIIVSH	0	0	0	0	0	0	0	0
SSSVKGESLSDTIRVVSSYVDVIAMR	0	0	0	0	0	0	0	0
DWEIIDFRS	0	0	0	0	0	0	0	0
HLQVECVPGI	0	0	0	1	0	0	0	0
ANIYKLANADI	0	0	0	0	0	0	0	0
DKDSTSFILGDEFAVLR	0	0	0	0	0	0	1	0
YAVLHALTKYRD	0	1	0	0	0	0	0	0
PGRYNNMSGTGYRGMPASGPV	0	0	0	0	0	0	0	0
IVDEMDYPWLER	0	0	0	0	0	1	0	0
TARIPGGVHGFPTL	0	0	0	0	0	0	0	0
NLADDADGLIPVD	0	0	0	0	1	0	0	0
TPSKQTIEAD	0	0	0	0	0	0	0	0
FNIVDPLPQGTVLLAASAGTGKTWTI	0	0	0	0	0	0	0	1
AGILDTEMDVGVVDIR	0	0	0	0	0	0	0	0
RNKTEIVQNIPSYILISIKHRCLN	0	0	0	0	0	1	0	0
TRIVLIKGYD	0	0	0	0	0	0	0	0
STDASSIDRSQDRLDV	0	0	0	0	0	0	0	0
TGLSLGITGDL	0	0	0	0	0	0	0	1
AFVMPTFSHRAWAAMAP	0	0	0	0	0	0	0	0
ELEVAAARAAGTDLEI	0	0	0	0	0	0	0	0
NLMAEIAA	0	0	0	0	0	0	0	1
VYDVIRKCNGCTIDFVAHNLNINAG	0	0	0	0	0	0	0	0
SRRAAPDGGNGRLV	0	0	0	0	0	0	0	0
QNVLQVPEV	0	0	0	0	0	0	0	0
SVICRGRYENHATYGR	0	0	0	0	0	0	0	0
IFPRDLIISILENKSAGS	0	0	0	0	0	0	1	0
KITDSSKEKLSRDNSVLN	0	0	0	1	0	0	0	0
NVCVRYDPILLNSKYNVDYHVRAFNKLC	0	0	0	0	0	0	0	0
GADAFQLYRGLD	0	0	0	0	0	1	0	0
GIAIEVPQPNKIVISGV	0	0	0	0	0	0	0	0
TNIKINPLIINS	0	0	0	0	0	0	0	0
YQPDKGVMADTPTA	0	0	0	0	0	0	0	0
GISYETATFPWAASGR	0	0	0	0	1	0	0	0
PLTVLGRSQAE	0	0	0	0	0	0	0	0
PRTAIEAEILF	0	0	0	0	0	0	0	0
PKESLGVIYIPKSQMAHIDN	0	0	0	0	0	0	0	0
RKRVGMVFQQPNPFPMSIYENIAYGPKTHGVKNKAKLDEIVES	0	0	0	0	0	0	0	0
LASLDKDVTIYVVADPSAVDDRITSFV	0	0	0	0	0	0	0	0
VGPPPAGDPAAL	0	0	0	0	0	0	0	0
PEVAREVIEGGRAACADAGISLAG	0	0	0	0	1	0	0	0
ITTTPPTPPTPSE	0	0	0	0	0	0	0	0
SYVKIDASD	0	0	0	0	0	0	0	0
AADAADAVAFIKPDVDLIENIKPATDAMVA	0	0	0	0	0	0	0	0
EYFVQKYHFSREE	0	0	0	0	0	0	0	1
ASPLAFVAENA	0	0	0	0	0	0	0	0
KVAEKIGIGEDDLEL	0	0	0	0	0	0	0	0
VDEPTPSGTGIVFDGTEGTVYG	0	0	0	0	0	0	0	0
LICSGDQPICLAGTMGGL	0	0	0	1	0	0	0	0
THKEIILKSMKYV	0	0	0	1	0	0	0	0
EGLKQVETE	0	0	0	0	0	0	0	1
PLTSIVRRQNI	0	0	0	0	0	0	0	0
AAVEEGVVAGGGVALIR	0	0	0	0	0	0	0	0
IVDFDFELVDI	0	0	0	0	0	0	0	0
DEDAGMSEIEITISEGK	0	0	0	0	0	0	0	0
VEVETPEENTGDVIGDLSR	0	0	0	0	1	0	0	0
ANAEAFTEDGFFRTGDAGRL	0	0	0	0	0	0	0	0
DSREALINGIVD	0	0	0	0	0	0	0	0
IEVLGTYFNINT	0	0	0	0	0	0	0	0
PAALNGYLGLSE	0	0	0	0	0	0	1	0
CSQAELLVNIPVQE	0	0	0	0	0	0	0	0
GHYFTNTISLTVD	0	0	0	0	0	0	0	0
VEEGTVLKAGQEAG	0	0	0	0	0	0	0	0
YVSWDGATPLTAACVIA	0	0	0	0	0	0	0	0
LNQKHRRIIDINLQLCFPQKD	0	0	0	0	0	0	0	0
VIADNQAGLSSTL	0	0	0	0	0	0	0	0
STPSAAGTAASTATT	0	0	0	0	0	0	0	0
MPKLGFNMDEGQLVK	0	0	0	0	0	0	0	0
NTAAAAVLAV	0	0	0	0	0	0	0	0
IEPVDNSLIAA	0	0	0	0	0	0	0	0
DSDYLDAVFSLNEGETSGLIENKNFGW	0	0	0	0	0	0	0	0
MALDKRFTTIDPETGYNIM	0	0	0	0	0	0	0	0
GYMYTGWITTT	0	0	0	0	0	0	0	0
AIGDSIKSIMGKEIDN	1	0	0	0	0	0	0	0
AIEGCNCVLAFYSH	0	0	0	0	0	0	0	0
SISDVKGEVSAGSS	0	0	0	0	0	0	0	0
ANMLASALERADLTDI	0	0	0	0	0	0	0	0
EGLIEFVPAI	0	0	0	0	0	0	0	0
EEAGSPSFNNFLHTYRDK	0	0	0	0	0	0	0	0
PIGPTGYEVGKGNVKCCDELN	0	0	0	0	0	0	0	0
AAEAGSSLLYVNN	0	0	0	0	0	0	0	0
PDQNVAVLVDCENAQPTVIGEAMQLASTLGRVA	0	0	0	1	0	0	0	0
NAQGGGSRVMSFGKS	0	0	0	0	0	0	0	0
EVDVPYVVLD	0	0	0	0	0	0	0	0
TVKSLTVANAD	0	0	0	0	0	1	0	0
CSALPGFPDLAPPSGLID	0	0	0	0	0	0	0	0
LNQQSLAEIAT	0	0	0	0	0	0	0	1
DAIKQVIDKFGE	0	0	0	0	0	0	0	0
TVAILGGILGE	0	0	0	1	0	0	0	0
RGNEIQLEIRDEDLNV	0	0	0	0	0	0	0	0
LPEEDNGYFIGAISLPEGSV	0	0	0	0	0	0	0	0
APLDNDIGVSEVTK	0	0	0	0	0	0	0	0
VQEGTLAFTSGATLGSDP	0	0	0	0	0	0	0	0
AFTSCANEDVAQNPTNPNEGNDK	0	0	0	0	0	0	0	0
EIFINNGGVS	0	1	0	0	0	0	0	0
CTHPQNGAVISDLPE	1	0	0	0	0	0	0	0
LITDVGAQVKDIEI	0	0	0	0	0	0	0	0
KLSPRKKGTFAGLVE	0	0	0	0	0	0	0	0
DVDKGVERILKAKENNETIWI	0	0	0	0	0	1	0	0
IQNAGTEVVEAK	0	0	0	0	1	0	0	0
ERNAVAFFPGT	0	1	0	0	0	0	0	0
LTVCGASAYVPEGGTD	0	0	0	0	0	0	0	0
YHQIVNELANISG	0	0	0	0	0	0	1	0
WRQPIYTLTQ	0	0	0	0	1	0	0	0
ALADHVVVGRA	0	0	0	0	0	0	0	0
LTNSVYSVLYEHAKLED	0	0	0	0	0	0	0	0
AEKQVTIAGLSGVKP	0	0	0	0	0	0	0	0
SEFDRVIVRHGAEPAAADLLTATEL	0	0	0	0	0	0	0	1
TIVSMLESDI	0	0	0	0	0	0	0	0
TICNGLPNN	0	0	1	0	0	0	0	0
DRDFGYIATH	0	0	0	0	0	0	0	0
FDMELLLAVISNQLKNREA	0	0	0	0	0	0	0	0
TSVLTSKYGV	0	0	0	0	0	0	0	0
ASSPLLDAEIAA	0	0	0	0	0	0	0	0
VAIGNIGERAFLD	0	0	0	0	0	0	0	0
MKDAGTALMGIGTASGPD	0	0	0	0	0	0	0	0
IHVSNILAEIC	0	0	0	0	0	1	0	0
ATSISGEQSAFEGCSENQSEVFE	0	0	0	1	0	0	0	0
PNFIPDGSNGVYITF	0	0	0	0	0	0	0	0
PGVVFISEGPSNRVQP	0	0	0	0	0	0	0	0
GYRSVMINYNPETVSTDYDMCD	0	0	0	0	0	0	0	0
RENAVAETAF	0	1	0	0	0	0	0	0
QALSSSIVITMTADCA	0	0	1	0	0	0	0	0
APERFNFAYDV	0	1	0	0	0	0	0	0
VFIPVIFIALH	0	0	0	0	0	0	0	0
SREDVYLNTLDTTG	0	1	0	0	0	0	0	0
AAAQPAAVSTSSALEAAAAAARAQAPAT	0	0	0	0	0	0	0	0
DEDTVHAAQIICHRTGNHVIVTLGADGALVC	0	0	0	0	0	0	0	0
ENTVLQQGALSG	0	0	0	0	0	0	0	0
EDKIVEFDKKLENLP	0	0	0	0	1	0	0	0
YREKLNHLFH	0	0	0	0	0	0	0	0
HFGNYTIVYNSKRHIFRPQFLM	0	0	0	0	0	0	0	0
HRYHCRKTNACGKIILCG	0	0	0	0	0	0	0	0
VRHVDLPEQVVTVDETVYVKVID	0	0	0	0	0	0	0	0
ALYHGTAQRFSAGGVLLSGAIPIWATGRRRSR	0	0	0	0	0	0	0	0
SFFFSLGIFTLYCI	0	0	0	0	0	0	0	0
VRDKDGEPQALPPE	0	0	0	0	0	0	0	0
SEKEIIAMYVDGVE	0	0	0	0	0	0	0	0
IEVIKSEQLVNDNNI	0	0	0	0	0	0	1	0
MRSLGLSEGTAAVLAPD	0	0	0	1	0	0	0	0
GKINRSDFGLTWNA	0	0	0	0	0	0	0	0
HKVSFSNPSQASF	0	0	0	0	0	0	0	0
AELKPWEDLSS	0	0	0	0	0	0	0	0
HTEVNYIVAH	0	0	0	0	0	0	0	0
DPEGAAVWGPLFDGIKGQLNATFRKDSISQ	0	0	0	0	1	0	0	0
VTPAALDEVF	0	0	0	0	0	0	0	0
GYRDLLYFFDGTT	0	0	0	0	0	0	0	0
FISGSDVVLAGITE	0	0	0	0	0	0	0	0
IEALTLGDTLRGP	0	0	0	0	0	0	0	0
KPNIYGTIVAR	0	0	0	0	0	0	0	0
ACDRYLQEIFSIT	0	0	0	0	0	0	0	0
AYEKGQLIYSLPMPAD	0	0	0	0	0	0	0	0
AHAEAQPGQTGKAAFNAVTWELGLSS	0	0	0	0	0	0	0	0
MGVSASLFRKGEYPTE	0	0	0	1	0	0	0	0
AIEAMRYSK	0	0	0	0	0	0	0	0
HGKFTTKEYV	0	0	0	0	0	0	0	0
ASDESEIESLLDATAYEALLEDE	0	0	0	0	0	0	0	0
DNLIFEDDVIGIVCPDYSA	0	0	0	0	0	0	0	0
SSSNCRLIHHRGDRVPTDGQY	0	0	0	0	0	0	0	0
HENIFIGMYKIIT	0	0	0	0	0	0	0	0
DVYVDGSVLRGSRIGGAAAVAGPSMWAVQAVAGATM	0	0	0	0	0	0	0	0
MMTSLAACTST	0	0	0	0	0	0	0	0
IALAGTAQAAIIFD	0	0	0	0	0	0	0	0
DAHLLGTANFEARTKKEMDEFS	0	0	0	0	0	0	0	0
DLDYSILYRLAEELHFDSNRFASDQEIGS	1	0	0	0	0	0	0	0
LPSTNPDIYFNL	0	0	0	0	0	0	0	0
VGLTALTMAEYFR	0	0	0	0	0	0	0	0
LINWIKNHG	0	0	0	0	0	0	0	1
AYGQTAAGAFSSW	0	0	0	0	0	0	0	0
EPFVLAEDARPAYHA	0	0	0	0	0	0	0	0
LQTLGLTQGTVVTLSAEGEDEQK	0	0	0	0	0	0	0	0
SILENVIINLKDG	0	0	0	0	0	0	0	0
NDLQVNLLSIQSG	0	1	0	0	0	0	0	0
FGYVSHAMALW	0	0	0	1	0	0	0	0
NKKGEILNQNLDFL	0	0	0	0	0	0	0	0
KALIAIDGKFINKVE	0	0	0	0	0	0	0	0
IAGNGGVSVPLGLGE	0	0	0	0	0	0	0	0
ILSSEKVEIE	0	0	0	0	0	0	0	0
FKIFQPRERGLEYDIAH	0	0	0	0	0	0	0	0
DVMQINWNWIESYSGNGTNFAN	1	0	0	0	0	0	0	0
WSLVVVYDLKDDTKA	0	0	0	0	0	0	0	0
TTLAFEYVNNVNANIT	0	0	0	0	0	0	0	0
GVGEDISDGGNAISGAATK	0	0	0	0	1	0	0	0
PVTIGGQTLNLDF	0	0	0	0	0	0	1	0
FGKSHVDEIAA	0	0	0	0	0	0	1	0
FEQISDASGDEDSDGIDALS	0	0	1	0	0	0	0	0
AYNVTVTPSGGTIAPSSP	0	0	0	0	0	0	0	0
EKVLKSAIANAEHNLNLDINSL	0	0	1	0	0	0	0	0
ISFAEKDPDTIVD	0	0	0	0	0	1	0	0
MLAGVDVPENTKILIGEVESVDISEEFA	0	0	0	0	0	0	0	0
FTLNLQARE	0	0	0	0	0	0	0	0
KPAAMDRYLSALLSASSQISS	0	0	0	0	0	0	0	0
TNHPAENKVARFYNH	0	0	0	1	0	0	0	0
LTSGTLDDLSVDVD	0	0	0	0	0	0	1	0
GKIRSEASLSGGETFIASLALALGLSDEISGE	0	0	0	0	0	0	0	0
ESLSVQKHVEATP	0	0	0	0	0	0	0	0
PLSPPLSPPVGPPLSPGD	0	0	1	0	0	0	0	0
PVICEAFVT	0	0	1	0	0	0	0	0
VDFGRTQDT	0	0	0	0	0	0	0	0
LLYSKDSNTGYAA	0	0	1	0	0	0	0	0
ARANKRIGVATAPSVTGPWTRRDLPVLLPRPN	0	0	0	0	0	0	0	0
IFSISIFESI	0	0	0	0	0	0	0	1
SDRPVLLDFYADWCVACK	0	0	0	0	0	0	0	0
DGLSTLEVAKIYE	0	0	0	0	0	1	0	0
HSIPDMNAKIG	0	0	0	0	0	0	0	0
NFIQTAYLT	0	0	0	0	0	0	0	0
KQSSAFNITPIADPFNPNCF	0	0	0	0	0	0	0	0
LSPYYKHMISL	0	0	0	0	0	1	0	0
AFDQIDNAPEEK	0	0	0	0	1	0	0	0
EGGSAEILCCGPEAMMRAVH	1	0	0	0	0	0	0	0
GKYSATVVVTDKAGNS	0	0	0	0	0	0	0	0
ADEKASVEIPGIERNFSNIQNEYH	1	0	0	0	0	0	0	0
LAGSAINQLNIYV	0	0	0	0	0	0	0	0
GKGTDDLVLYPM	0	0	0	0	0	0	0	0
PAYPGYPNY	0	0	0	0	0	0	0	0
PGEPLKPLSKVASGGELSRII	0	0	0	0	0	0	0	0
NHGGHSANLID	0	0	0	0	1	0	0	0
TKTAQEIHEPIIRDPQIK	0	0	0	0	0	0	0	0
ELEEEIEKGNSKEE	0	0	0	0	0	0	0	0
LTADDFLYRSASGKTETTIHVVDVIENSART	0	0	0	0	1	0	0	0
PSTVTLVLYDK	0	0	0	0	0	0	0	0
IPSNMATTTLTMI	0	0	0	0	0	0	0	0
QVLSVLETAAA	0	0	0	0	0	0	0	0
SLALGALVGEI	0	0	0	0	0	0	1	0
MTTILHIDSSARS	0	0	0	1	0	0	0	0
AEIDASLAELAA	0	0	0	0	0	0	0	0
EDARLPHNFGLGPRSIAESAGMIRITER	1	0	0	0	0	0	0	0
GTIQAISLTPDLK	0	0	0	0	0	0	0	0
AQGQGVDVIVTDH	0	0	1	0	0	0	0	0
GLTISIGAASNKYI	0	0	0	0	0	0	1	0
EPGKIGIQLD	0	0	0	0	0	0	0	0
EANNLGIPVFAIVDTNSDPDGVDFVIPGNDDAIR	0	0	0	0	0	0	0	0
MMENIDFNSPKFSIK	0	0	0	0	0	0	0	0
AKTTDKDFKQIWS	0	0	1	0	0	0	0	0
GDDIEMEDVFSYVKIDASD	0	0	0	1	0	0	0	0
FNPGKQSAIFPP	0	0	0	0	0	0	0	0
TALVQRESQVPLG	1	0	0	0	0	0	0	0
ILAEAGIFNN	0	0	0	0	0	0	0	1
YTYGASLMD	0	0	0	0	0	0	0	0
LIADNALIVLSD	0	0	0	0	0	0	1	0
NFGTRIDPVYGG	0	0	0	0	0	0	0	0
FQNALLAAL	0	0	0	0	0	0	0	0
PLREGTITVGDLELNKSTIDIIR	0	0	0	0	0	0	0	0
NTAAIARPEILV	0	0	0	0	0	0	0	0
MVVASVAVPARADNGS	0	0	0	0	0	0	1	0
PGASRPASVADSAMAMS	0	0	0	0	0	0	0	0
TMIETPRACLISD	0	0	0	0	0	0	0	0
VIDKDLSAALLAEQID	0	0	0	0	0	0	0	0
YVSTSSVSSKKVGIDINVIGLNTEE	0	0	0	0	0	0	0	0
QMRPPEPVDLADCMQ	0	0	0	0	0	0	0	0
VINLDQNIEYTSSDD	0	0	0	0	0	0	0	0
SEIDKKDFDIALLGCGAYALP	1	0	0	0	0	0	0	0
GAIPSFNAEKTVKVPASSDTTV	0	0	1	0	0	0	0	0
SIVALADGQQS	0	0	0	0	0	0	0	0
TWSAPENTSSATVEYS	0	0	0	0	0	0	0	0
YGLGQSMVVAGLLVAPLG	0	0	0	0	0	0	0	0
VMKEILDLEVSN	0	0	0	0	0	0	0	0
PSENYIYIVLN	0	0	0	0	0	0	0	0
EEKTTNTVINEASLGT	0	0	0	0	0	0	0	0
TGIAMNALKDSDTIIGYTVYVDLVK	0	0	0	0	0	1	0	0
VMIGELGLDGRIIP	0	0	0	0	0	0	0	0
ISGPKEDYLTVID	0	0	0	0	0	0	0	0
DVIVTDFGDAP	0	0	0	0	0	0	0	0
TAKALGGGMPIAAVTGRA	0	0	0	0	0	0	0	0
ALQDAVILLDKDD	0	0	0	0	0	0	1	0
LIVPEGMQLLYV	0	0	0	0	0	0	0	0
IKDGTQVGPFVH	0	0	0	0	0	0	0	0
PEVELSHALVDSTAML	0	0	0	0	0	0	0	0
PRIIASGPQITTTGGHAH	0	0	0	0	0	0	0	0
LLSFSQAAVNP	0	0	0	0	0	0	0	0
FTDIPILYVID	0	0	0	0	0	0	0	0
VMPEEAQLLVEKGVAFIV	0	0	0	0	1	0	0	0
DLGDVLGGVDVAVGASHW	1	0	0	0	0	0	0	0
ESSVEGTMEAKEAKVSTVA	0	0	0	0	0	0	0	1
KPDFDGVEDHFLDL	0	0	0	0	0	0	0	0
EEIINFDK	0	0	0	0	0	0	0	0
GGTQSAIIDDI	0	0	0	0	0	0	0	0
PEVVDEAIENDV	0	0	1	0	0	0	0	0
SSYLIEITAEMLAQADPQTGAPLVDVIKDRAGM	0	0	0	0	0	0	0	0
LLIARNPKTGIQNVSIHRCQ	0	0	0	1	0	0	0	0
FVSKVPNIEKNCLILEMDE	0	0	0	0	0	0	0	0
LGGEIKETAH	0	0	0	0	0	0	0	0
RSDADAVSWMASATRT	0	0	0	0	0	0	0	0
SHSNFAPIRNIGMASTF	1	0	0	0	0	0	0	0
DVYDFVEGLAAVDKGGKLGYVD	0	0	0	0	0	0	0	0
MVYNASGVAGIAGS	0	0	0	0	0	1	0	0
VPVTVPGAPM	0	0	0	0	0	0	0	0
IPGAEQVAIEV	0	0	0	0	0	0	0	0
EDGIYVTMEGK	0	0	0	0	1	0	0	0
RSTMKTIRFAQLSDAP	0	0	0	0	0	0	0	0
VFFAFVAGFG	0	0	0	0	0	0	0	0
DKINVGDKVLSANP	0	0	0	0	0	0	0	0
GAFPFTGTTWTI	0	0	0	0	0	0	0	1
LEGKTVEVSTGPAAGFIAIKHVGTNG	0	0	0	0	0	0	0	0
PALVELVPFTK	0	0	0	0	0	0	0	0
QYNKTQPSYRQI	0	0	0	0	0	0	0	0
GSQELTTAPITTTTTTETTTVTTETILSETET	0	0	0	0	0	0	0	0
PAPPPKMGFRA	0	0	0	0	0	0	0	0
IISVDSYVGER	0	0	0	1	0	0	0	0
RANLDLSYFARSGYIM	0	0	0	0	0	0	0	0
GATPALAQWFAAKAAH	0	0	0	0	0	0	0	0
KAGDVVTVHVQGQ	0	0	0	0	0	0	0	0
ETDTKGTIDLLDDP	0	0	0	0	0	0	0	0
EPLHGGYVGHGML	0	0	0	0	0	0	0	0
DLNIHVIVIDRP	0	0	0	0	0	0	0	0
DLPRAMATAA	0	1	0	0	0	0	0	0
DDGELAMAISFNPQEAQS	0	1	0	0	0	0	0	0
VIPSIAYTEPEVAWVGLTEK	0	0	0	0	1	0	0	0
SVALAAQAIQAGQAQSIVAGGMENMSLAPYLLDAK	0	0	0	0	0	0	0	0
NKVGTAATSFSVALQSG	0	0	0	0	0	0	0	0
RISLEALSLPSVS	0	0	0	0	0	0	0	0
AIAQVGTISANSDETVGK	0	0	0	0	1	0	0	0
EVKGRILSANNTLKITSAMKMVASAKLHKAQEV	0	0	0	0	0	0	0	0
PIDAIYAYINRD	0	0	0	0	0	0	0	0
CLVSEAPAQELADPASPLLAELVRRSIAV	1	0	0	0	0	0	0	0
PPSQQAQARNL	0	0	0	0	0	0	0	0
DQAGVKGIVRNSDNTISFS	0	0	0	0	0	0	0	0
SFWNGTQINIIDT	0	0	0	0	0	0	0	0
ICRSVMAQIVL	0	0	0	0	0	0	0	0
QYSGFDMDLIRAVADKAGY	0	0	0	0	0	0	0	0
LSISAASNPNAELAL	1	0	0	0	0	0	0	0
LDSAALQQYASTLAIGD	0	0	0	0	0	0	0	0
RWVAGTPPPV	0	0	0	0	0	0	0	0
VAAKQADDTLAA	0	0	0	0	0	0	0	0
SPLSDTTILASSVTDTPLFKHIRYMM	0	0	0	0	0	0	0	0
FSFRRDGASNFGTDAKYGNF	0	0	0	0	1	0	0	0
DGRNNVLEQVTTLGTK	0	1	0	0	0	0	0	0
KLLGARFKCIQYGSSSKKGATGNSDLLCL	0	0	0	0	0	0	0	0
KTEGEQVNTEGCLS	0	0	0	0	0	0	0	0
SVDFLRVAVFYKN	0	1	0	0	0	0	0	0
KTLGLILSD	0	0	0	0	0	0	0	0
GEQITEKGVGNG	0	0	0	0	0	0	0	0
LITGDGSIMMNCQEFATMADNDID	0	0	0	0	0	0	0	0
QPSPLPYSQPDDVSA	0	0	0	0	0	1	0	0
CHIEKEIGYKYDP	0	0	0	0	0	0	0	0
FRFYDLGFI	0	0	0	0	0	0	0	1
PPAGSPAALKDW	0	0	0	0	0	0	0	0
LYSITVNIWPQ	0	0	0	0	0	0	1	0
IRLGFAAVFDSL	0	0	0	0	0	0	1	0
TDAIIISFPM	0	0	0	0	0	0	0	0
NSTQPVPTASVGSS	0	0	0	0	0	0	0	0
SDQQISAVPTDVISPDDS	0	0	0	0	0	0	0	0
LLSPSQVGDILNAAHRAFELSQCEIT	0	0	0	0	0	0	0	0
MHLIDDHA	0	0	0	0	0	0	0	0
QDFAKDLDTAPTASER	0	1	0	0	0	0	0	0
IPGRWRRMGGP	0	0	0	0	0	0	0	0
AIEADIRAVAA	0	0	0	0	1	0	0	0
NFSQVLEEA	0	0	0	0	0	0	0	0
RMAMDGASLDKSWER	0	0	0	0	0	0	0	0
YQLDKNMVEAAM	0	0	0	0	0	0	0	0
AKIHLQQYLASR	0	0	0	0	0	0	0	0
PEQPKTLTILGGGYIAMEFAHVFQS	0	0	0	0	0	0	0	0
FSNTKEGGLNAEVICLHDGRST	0	0	0	0	0	0	0	0
INLKKAASKKEP	0	0	0	0	0	0	0	0
SVGADFTWAGKKYLM	0	0	0	0	0	0	0	0
EVAAFAQFGSDLDASTQFLLNR	0	0	0	0	0	0	0	0
TSMKLTGTFIVHQD	0	0	0	0	0	0	0	0
PKNYLNITE	0	0	0	0	0	0	0	0
NPHDVLAYPQTWDAINGTC	0	0	0	0	0	0	0	1
QFASVSAVVDYVCGLGGASTDR	0	0	0	0	1	0	0	0
LTPILDFTNGVCTHAAVLAEVAAENAPDGI	0	0	0	0	0	0	0	0
VTASVAGGEKEAKEIL	0	0	0	0	0	0	0	0
VDHSICGVFLENIK	0	0	0	0	0	0	0	0
TNLSNVTCP	0	0	0	0	0	0	0	0
IDAGCDGFLAE	0	0	0	0	0	0	0	0
CFIMSITPESEIFRSSGDFLPSKINW	0	0	0	0	0	0	0	0
TTMAGIVGGGGLGDLAISRGYNRFQNDVTVVCTLII	0	0	0	0	0	0	0	0
EFGIEPENAFGFWDWVGGR	0	0	0	0	0	0	0	0
FYIDKNQSYEKKSIDVHTLAEVVDY	0	0	0	0	1	0	0	0
LEEARAARQNATGEL	0	0	0	0	1	0	0	0
VLLLSHAPDFADI	0	0	0	0	0	0	0	0
TLENTYNGKYSVWG	1	0	0	0	0	0	0	0
DDGWTTRTLDGKNSAH	0	0	0	0	0	0	0	0
NRDAMLAELAA	0	0	0	0	0	0	0	0
YRAGFYKIFGVEMQQGNGGH	0	0	0	0	0	0	0	0
HSLGERIFSH	0	0	0	0	0	0	0	0
SLYFKGEDNN	0	0	0	0	0	0	0	0
RLATMRETQDGFEIA	0	0	0	0	0	0	0	0
FVARNIRDDLSGPAPEP	0	0	0	0	0	0	0	0
GMREPGGTSQSLWGYVGDFKDT	0	0	0	0	0	0	0	0
YLDSSLLLMEPYGFLQADDIRYHKT	0	0	0	0	0	0	0	0
RAERAALAAADDA	0	0	0	0	0	0	0	0
RLRVLPLLSE	0	0	1	0	0	0	0	0
QESYLQMLATSGALSGDEAAA	0	0	0	0	0	0	0	0
TLMIDKMPV	0	0	0	0	0	0	0	0
DEFHIVFENE	0	0	0	0	0	0	0	0
SAKTGEQAAFATGLKACQ	0	1	0	0	0	0	0	0
KVHTYGAELAA	0	0	0	0	0	0	0	0
AHMDDVLLCETEETELR	0	0	0	0	0	0	0	1
TAGTHILDVGTGGGFPGI	0	0	0	0	0	0	0	0
VDVLEKAESLKKKSG	0	0	0	0	0	0	1	0
REDSPVIVPVPSY	0	0	0	0	0	0	0	0
ICPIKIELMEP	0	0	0	0	0	0	0	0
LSVEKQIRAATGLDLM	0	0	0	0	0	0	0	0
GASAAAALGVPVLID	0	0	0	0	0	0	0	0
SGVPSRAETEPE	0	0	0	0	0	0	1	0
FNSYSGIIDK	0	0	0	0	0	0	0	1
ISSQLDRKSAGVAHGW	0	0	0	0	0	0	0	0
PEVRLGDAV	0	0	0	0	0	0	0	0
PIQPSEAELAA	0	0	1	0	0	0	0	0
IIGTKILDS	0	0	0	0	0	0	0	0
FNYGRPYTQELED	0	0	0	0	0	0	0	0
FNVLASQPADFDR	0	0	0	0	1	0	0	0
KYNVTPQKATYGKTPVKAAV	0	0	0	0	0	0	0	0
YGLPADWPA	0	1	0	0	0	0	0	0
MTASGIAWDSLGQSLGD	0	1	0	0	0	0	0	0
PDQTFSIALNHILQTATRGNVSLTYPTE	0	0	0	0	0	0	0	0
AIPLASVLETVRVPID	0	0	0	0	0	0	0	0
EAFPEDIADD	0	0	0	0	0	0	0	0
NPQVRPVIFHVDV	0	0	0	0	0	0	0	0
LTQAALLLINTEE	0	0	0	0	0	0	0	0
SIENLIAVYD	0	0	0	0	0	0	0	0
IKRMEADGIQCRDFNPVQ	0	0	0	0	0	0	0	0
VEARLENGLLDF	0	0	0	0	0	0	0	1
NNAKTGRVDLIVYSFPYTDAN	0	0	0	0	0	0	0	0
TGTIQPIDSYNV	0	0	0	0	0	1	0	0
FSRSSPAEFTD	0	0	1	0	0	0	0	0
MLQDIAILTNGTVISEEIGMELEK	0	0	0	0	0	0	0	0
PDNIAVTREGF	0	0	0	0	0	0	0	0
IGYHGRASSLRVSGVDFRRPMGQLK	0	0	0	0	1	0	0	0
QDFGPEIPIIGSD	0	0	0	0	0	0	0	0
NCGNTYTDTKKSALGHKWSEWRVILQ	0	0	0	0	0	0	0	0
LSKHMSTIQAEQL	0	0	0	0	0	0	0	0
TPDEIMYLVDL	0	0	0	0	0	1	0	0
EVNIDPDLSENRLEMNPL	0	0	0	0	0	0	0	0
VPAARWVDAGRDDV	0	0	0	0	0	0	0	0
IGDSPIIGAGTYADNNTVAISTT	0	0	0	0	0	0	0	0
VDPDLPKIVKEKCEAPIISIGKSAGRLCKDY	0	0	0	0	0	1	0	0
STVLVGPPER	0	1	0	0	0	0	0	0
NYDIVLFLGDNLGD	0	0	0	0	0	0	0	0
SAVLAVERREYLEQTAVFIGKEENVLVVG	1	0	0	0	0	0	0	0
DKLGADFIEVGY	0	0	0	0	1	0	0	0
VGLGLGLALVPESFKDCVR	0	0	0	1	0	0	0	0
AREDAKAYLQAHGFD	0	0	0	0	0	0	1	0
IVKMSGNLTE	0	0	0	1	0	0	0	0
KNEAVGVYITKYF	0	0	0	0	0	0	0	0
SWSTVVFIFSSV	0	0	0	0	1	0	0	0
DFGKFVTVSGTAS	0	0	0	0	0	0	0	0
GWDFGKTIQ	0	0	0	0	0	0	0	0
DNGNNKPAYLRIAG	0	0	0	0	0	0	0	0
AALESTLAAITESLK	0	0	0	0	1	0	0	0
NDAQILPQGKNSPR	0	0	0	0	0	0	0	0
RDVLTLEAVDLM	0	0	0	0	0	0	0	0
ADNTVLQRDNQ	0	0	0	0	0	0	0	0
FAYPADEVKTGSTIYMA	0	0	0	0	0	0	0	0
LHPGEGIHGDLGMV	0	0	0	0	0	0	0	0
PIFTTFIPTLE	0	0	0	0	0	0	0	0
ALDGVNFSVEQGEFVAV	0	0	0	0	0	0	0	0
GSVDFGTDEKI	0	0	0	0	0	0	0	0
HTSLYDWFQT	0	0	0	0	0	0	0	1
LLALDEVNLLFD	0	0	0	0	0	0	0	0
RSTSEMLFEKYCESCSDI	0	0	0	0	0	0	0	0
AGRYMVDQVD	0	0	0	0	0	0	0	0
DDASRFVEL	0	0	0	1	0	0	0	0
MPATLELSFV	0	0	0	0	0	0	0	0
EIQSNSLKLE	0	0	0	0	0	0	0	0
PAATEAPVELAA	0	0	0	0	0	0	0	0
GEKITETLTNT	0	0	0	0	0	0	0	0
TKVNYQGTEIDFAP	0	0	0	0	0	0	0	0
FNAEQYGSAIAE	0	0	0	0	0	0	0	0
FGAQFGGKYFAH	0	0	0	0	1	0	0	0
FGENTEINID	0	0	0	0	0	0	0	0
NVVAVGDNLEDARAKAYAD	0	0	0	0	0	0	1	0
EPVYVSGITGYMTGEFCCDGEDQS	1	0	0	0	0	0	0	0
LGALFFAGCND	0	0	0	0	0	0	0	0
QRMRSGKGFALCAWR	0	0	0	0	0	0	0	0
FAASEAASAAGASAAGASEAA	0	0	0	0	0	0	0	0
AKGTLLSRGAALGL	0	0	0	0	0	0	0	0
SLAVIAGALLD	0	0	0	0	1	0	0	0
ETIIPSVDGDTMTFS	0	0	0	0	0	1	0	0
GTPGRVLGKNGVHALEKYRTVIDINLVGTFNL	0	0	0	0	0	0	0	0
DELLFDFGGKKFFV	0	0	0	0	0	0	0	0
KNAPITVNLAEGPMGVVGKLSV	0	0	0	0	1	0	0	0
FYLSGLQSIDDSIYE	0	0	0	0	0	0	0	1
AIVEEGTATGH	0	0	0	0	0	0	0	0
GDISINPNKH	0	0	0	0	0	0	0	0
RYICYLLTGPYNA	0	0	0	0	1	0	0	0
ATDGGRCHPLTVID	0	0	0	0	0	0	0	0
QSAKTRGTIVNTT	0	0	0	0	0	0	0	0
VGPIVYGHVTDT	0	0	0	0	0	0	0	0
HLKNLGGWLGLLTLARDKPIRHRN	0	0	0	0	0	0	0	1
NNVKLLDRQFGRHPKVFAPDEIFKLLFPN	0	0	0	0	0	0	0	0
ALAIQVENADTEAGAKQASD	0	0	1	0	0	0	0	0
ARRTAVEDDEP	0	0	0	0	0	0	0	0
PRADKSLAAAEVLGSFLSQFYDGK	0	0	0	0	0	0	0	0
NRNGNVVAVNYDD	0	0	0	0	0	0	0	0
ETLFPGGEGHLELDD	0	0	0	1	0	0	0	0
TEHDRIIFQFPLYW	0	1	0	0	0	0	0	0
GVPEVFNSVYDV	0	0	0	0	0	1	0	0
TALSAGFGYTGLVG	0	0	0	0	0	0	0	0
LFDTTVLDPDEAI	0	0	0	0	0	0	0	0
HLNVLEFGSNE	0	0	0	0	0	0	0	0
GSPTDKNVDEVVRGFNKAL	0	0	1	0	0	0	0	0
VVGSPKLYTLDN	0	0	0	0	0	0	0	0
GLMSVRELASGDRHVT	0	0	0	0	0	0	0	1
TFCTAIGGCKAVESKLEPVYEAILQDDSLQ	0	0	0	0	0	0	0	0
TQGGPLEHIIAAKAI	0	0	1	0	0	0	0	0
LAESLELEFG	0	0	0	0	0	0	0	0
WDFQARRM	0	0	0	0	0	0	1	0
ILILTDMRDQAGRV	0	0	0	0	0	0	0	0
RSLGAKHTAVVYDGVTLSDC	0	0	0	1	0	0	0	0
VAKKVALAIGLADG	0	0	0	0	0	0	0	0
YMVAATTAAVDP	1	0	0	0	0	0	0	0
TVYAHQAELAA	0	1	0	0	0	0	0	0
YSLFKIINDIL	0	0	0	0	0	0	0	1
FNSYEDLKDK	0	0	0	0	0	0	0	0
EAFAKHAVDNTYR	0	0	0	0	1	0	0	0
DTLARNITDLI	0	0	0	0	0	0	0	0
LDVMLPGIQ	0	0	0	0	0	0	0	0
LPDPALCHDLKRLGENRLYP	1	0	0	0	0	0	0	0
PNELLDALDPD	0	0	0	0	0	0	0	0
DTLPQPNSVTALTNNEDEFL	0	0	1	0	0	0	0	0
LVNAGLIAEGETVISGVDNILRGYAGIVAKLRAL	0	0	0	0	0	0	0	0
LSHATASSLILFD	0	0	1	0	0	0	0	0
FIGDVTKYG	0	0	0	0	0	0	0	0
VEGILDGIED	0	0	0	0	0	0	0	0
TAKALGGGMPIAAVTGR	0	0	0	0	0	0	0	0
LGYEKLTELK	0	0	0	0	0	0	0	0
GFKNDNVNNKTLTYAARITRQLTDNISVRA	0	0	0	0	0	0	0	0
NLNEVATQAPAGSDLQVNAIRDRMAASIALGKD	0	0	1	0	0	0	0	0
AVLGQVLPVIE	0	0	0	0	0	0	0	0
HEQESRIAEVYN	0	0	0	0	0	0	0	0
TILNTKDFK	0	0	0	0	0	0	0	0
LPFHLFGAGGQNVL	0	0	0	0	0	0	0	0
SGYILSVFMGVV	0	0	0	0	0	0	0	0
QNPITLRVPEWRVTYTTPEEAGVYGA	0	0	0	0	0	0	0	0
GASAALALGLPVVG	0	0	0	0	0	0	0	0
SFFLSLLASGN	0	0	0	1	0	0	0	0
SDLVAELDS	0	0	0	0	0	0	0	0
EDISVDDVVNPANTP	0	0	0	0	0	0	0	0
LNMTKESVSKWERD	0	0	0	0	0	0	0	0
EIALEIEDEINI	0	0	0	0	0	0	0	0
LLIDDFEHLKN	0	0	0	0	0	0	0	0
FGYAELGTVTAD	1	0	0	0	0	0	0	0
VEAPEGSLIDHEGRP	0	0	1	0	0	0	0	0
PLSALAAYPNNSVG	0	0	0	0	0	0	0	0
MVAALALSYVDERLARGTS	0	0	0	0	0	0	0	0
LWLATQNLSDFPD	0	0	0	0	0	0	0	0
PAEIEIGFG	0	0	0	0	0	0	0	0
KDMGAFVNELQEL	0	0	0	0	0	0	0	0
DGPASLIDEIDR	0	0	0	0	0	0	0	0
LATVYNTVKL	0	0	0	0	0	0	1	0
LVIDQEGKEKKFIDQVEQITFSGVYAQKV	0	0	0	0	0	0	0	0
VPSGAEVEVPIMDDLAA	0	0	0	0	0	0	0	0
KLSVSATDAGTASGNGTGTDAQITSIYILQFNAD	0	1	0	0	0	0	0	0
EIHAAIGTPLVLHGASGLSDEVLKDCIAAG	0	0	0	0	0	0	0	1
GASAAAALVRELVP	0	0	0	0	0	0	0	0
DSYIYQNNLQG	0	0	0	0	0	0	0	0
ISAISGLNQLTSGK	0	0	0	0	0	0	0	0
NAAAATVAVILNSRNELLVTRRAFNPA	0	0	0	0	0	0	0	1
IICSQIMFPD	0	0	0	0	0	0	0	0
PIVVSYDSSPAFTVDKA	0	0	0	0	0	0	0	0
ENIEKSSMQSVIASSP	0	0	0	0	0	0	0	0
GNLFDRFIALVSGLFQPMLGTLSAAGMIKGVVA	0	0	0	0	0	0	0	0
LGGQLAAGAASTHPVVAAGAGDP	0	0	0	0	0	0	0	0
VSGSAVTLKGNLITE	0	0	0	0	0	0	0	0
MVQGDGQVALSGYDPMFTTM	0	0	0	0	0	0	0	0
MALVCARLID	0	0	0	0	0	0	0	0
PQAVITFKEV	0	0	0	0	0	0	0	0
TVRVAIVGAGGRM	0	0	0	0	0	0	0	0
TQESAVSETSTTALATR	0	0	0	0	0	0	0	0
NFDKPICLDRSDSLN	1	0	0	0	0	0	0	0
IATVTKAAISDQ	0	0	0	0	0	0	0	0
VSAYIMFVSIAA	0	0	0	0	0	0	0	0
AYVILGINAEG	0	0	1	0	0	0	0	0
LVNQLLEANSKGTLGKLYKQIESLD	0	0	0	0	0	0	0	0
DEGLRAVEESAC	0	0	1	0	0	0	0	0
LLRLAGALED	1	0	0	0	0	0	0	0
RGQILMALLLSA	0	0	0	0	0	0	0	0
SKEVDPELVIPN	0	0	0	0	0	0	0	0
LNSLLEALGSVQDAD	0	0	0	0	0	0	0	0
HDKMEIVLVD	0	0	0	0	0	0	0	0
QGDNTVFKRDQI	0	0	0	0	0	0	0	0
NDLTLKANFGIDRNYQKRSVYMPKT	1	0	0	0	0	0	0	0
EGKITEELNR	0	0	0	0	0	0	0	0
YGLGGSEVRFDGVSRD	0	1	0	0	0	0	0	0
LRGIASYLID	0	0	0	0	0	0	0	1
HIMALPVVD	0	0	0	1	0	0	0	0
LIEAMPHIMKP	0	0	0	0	0	0	0	0
RGFTGATHILE	0	0	0	0	0	0	0	0
AERLERELAA	0	0	0	0	0	0	0	0
IAAAITGGNVLIE	0	0	0	0	0	0	1	0
IPLSAFATIERSS	0	0	0	0	0	0	0	0
DDSRWRAVLRAGAAT	0	0	0	0	0	1	0	0
PDSTQLDFDDM	0	0	0	0	0	0	0	1
NNDKSMAMA	0	0	0	0	0	0	0	1
ETWQFVEL	0	0	0	0	0	0	0	0
TAEFGVRNDT	0	0	0	0	0	0	0	0
NTRVYWPSEEGHP	0	0	0	0	0	0	0	0
GAEKVILYVE	0	0	1	0	0	0	0	0
KQYWTIGAGGNGKKFIANKIIAVDYG	0	0	0	0	0	0	0	0
RDDAFAIGCTLPTAGRVGDFHPLERV	0	0	0	0	0	0	0	0
CKTIYQTRPCLPCTPALGAYLKQ	0	0	0	0	0	0	0	0
LPSLVAAYVASW	0	0	0	0	0	0	0	0
KVPKLGYNSAESYKSLRANLQFCGDDKKVLAITS	0	0	0	1	0	0	0	0
AVQRLREAGIDF	0	0	0	0	0	0	0	0
TLHAFMLRTENGGE	0	0	0	0	0	0	0	0
TVAEIIDTFV	0	0	0	0	0	0	0	0
YTYDQSILPIQ	0	0	0	0	0	0	0	1
KDLGVGDILGV	0	0	0	0	0	0	0	0
ESWRKIDDKEYQ	0	0	0	0	0	0	0	0
SGVKMINLTE	0	0	0	1	0	0	0	0
IPSLAHLDDPSL	0	0	0	0	0	0	0	0
MQDIIVYISLDTAS	0	0	0	0	0	0	0	0
DDGPVTATD	0	0	0	0	0	0	0	0
IDPYGIVELA	0	0	0	0	0	0	0	0
ESVLQPASTSLL	0	0	0	0	0	0	0	0
RKDIPDTAKELE	0	0	0	0	0	0	0	0
PTLVLDDGEVL	0	0	0	1	0	0	0	0
MVQTLKDGILEMGKKIAGFDDPEAILT	0	0	0	0	0	0	0	0
WSDGSYLEDQDMWR	0	0	1	0	0	0	0	0
ETEGKLVNLPD	0	0	0	0	0	0	0	0
FGDYGSLDYGR	0	0	0	0	1	0	0	0
IDLYVESDMN	0	0	0	0	0	0	0	0
KITLDGEDIRNIT	0	0	0	0	0	0	0	0
GEEIDAISD	0	0	1	0	0	0	0	0
LPGELGQISR	0	0	0	0	0	0	0	0
GESASLKFSDRLADADG	0	1	0	0	0	0	0	0
IASNAVTRE	0	0	0	0	0	0	0	0
GSVDDITAKYN	0	0	0	0	0	0	0	0
SYLISGVSLGSIY	0	0	0	0	0	0	0	0
NTISSVKNRINNFEEFM	0	0	0	0	0	0	0	0
PAETGLMMRHA	0	0	0	0	0	0	0	0
LTGISCVRYG	0	0	0	0	0	0	0	0
PFEVDSIDSP	0	0	0	0	0	0	0	0
TFIKICTGLTVPD	0	0	0	0	0	0	0	0
VIELQGIAGTSAAR	0	0	0	0	1	0	0	0
PDAKLPLALPELATVKKNDD	0	0	0	0	0	0	0	0
EAYFVDAH	0	0	0	0	0	0	0	0
SLSLLISEDM	0	0	0	0	0	0	0	0
TEFPISSVQIGSHSKSILRS	0	0	0	0	0	0	0	0
DITVKDINLTN	1	0	0	0	0	0	0	0
EDAGWTVIRVAWEELM	0	0	0	0	0	0	0	0
GLITAESMSAYITYK	0	0	0	0	0	0	0	0
DGQLTHRIISPKQSIAKTYF	0	1	0	0	0	0	0	0
PAGPSGPPFRAR	0	0	0	0	0	0	0	0
PKAVIEFLQS	0	0	0	0	0	0	0	0
GIVANLIVPRSFS	0	0	0	1	0	0	0	0
DKTVLQNATIN	0	0	0	0	0	0	0	0
SANLVIVTEKE	0	0	0	0	1	0	0	0
LAAGSAVAQSHGG	0	0	0	0	0	0	0	0
TEMLASLAVDLADHYKQTHG	0	0	0	0	0	0	0	0
KLKKGFVTSGEYFVTA	0	0	0	0	0	0	0	0
EGLTSSASMMF	0	0	0	0	0	0	0	0
AHQPFGNTNLPSTCYLFD	0	0	0	0	0	0	0	0
DDDTADILTAASR	0	0	0	0	1	0	0	0
APLSDQVAFEPRVALLILAEIGA	0	0	0	0	0	0	0	0
PIDFVNAEL	0	0	0	0	0	0	0	0
PTVIELARLVNH	0	0	0	0	0	0	0	0
MNTENLLYVI	1	0	0	0	0	0	0	0
LNIDQNPGTAPK	0	0	0	0	1	0	0	0
LVVASVGVAAVAVYYAWRQTGGTIDVME	0	0	0	0	0	0	0	0
SLPSIVESDN	0	0	0	0	0	0	0	0
QFFIVNGKSP	0	0	0	0	0	0	0	0
SLSIMIESLD	1	0	0	0	0	0	0	0
DDKSSDMIAE	0	0	0	0	0	0	0	0
LRAVAEQGADAFYQGD	0	0	0	0	0	0	0	0
QSPGDVVTAGEDSHPITQAID	0	0	0	0	0	0	0	0
MPMPLVRIRVDYSG	0	0	0	0	0	0	0	0
TRTLNIEND	0	0	0	0	0	0	0	0
QPSLPSTIG	0	0	0	0	0	0	0	1
AALLDGQPIECE	0	0	0	0	0	0	0	0
IITGKILDS	0	0	0	0	0	0	0	0
DGYTIGSLSANDFVVYP	0	0	0	0	1	0	0	0
TARRAEQPDAPARV	0	0	0	0	1	0	0	0
VVDGVPLGNSTTGSGTAAYGAGSGGDVPI	0	0	0	0	0	0	0	0
HEVDRSNTPVTYTWPGQ	0	0	0	0	0	0	0	0
MASAMNGIQLHG	0	0	0	0	0	0	0	0
REVDAPIVAITGSN	0	0	0	0	0	0	0	0
EPDEPAMSVSKKYA	0	0	0	0	0	0	0	0
KVPLSAGEYTQLT	0	0	0	0	0	0	0	0
FTGKDTQMKMQINTMA	0	0	0	0	0	0	0	0
AQEIHDKGICL	0	0	0	0	0	0	1	0
GEQLTEDQLR	0	0	0	0	0	0	0	0
GVTHGNVLVYPANDEFNLQKA	0	0	0	0	0	0	0	0
SPTWYQTSPAVPTWNYT	0	0	0	0	0	0	0	0
DMVYIGGVDGVIS	0	0	0	0	0	0	0	0
YPGLDNIDVRRALARCGLTNDHITSQMR	0	0	0	0	0	0	0	0
FHGGGYCSGSIR	0	0	0	0	0	0	0	0
TERGVETLVGEFHPYSDEVVKSSGFYG	0	0	0	0	0	0	0	0
ITLVECVKEQSKAHISEILESLRGTLSYTPPKFSA	0	0	0	0	0	0	0	0
GQDKILYPDITYAGTPREVVIGGFNVSGM	0	0	0	0	0	0	0	0
LGATAIAAVGLANK	0	0	0	0	0	0	0	0
PDVALGDSTNI	0	0	1	0	0	0	0	0
VYLNTDIGPVID	0	0	1	0	0	0	0	0
DNFTFAAETPVVASNSAAAAAPTATTPATTTTSTT	0	0	0	0	0	0	0	0
MLAERWRKEIIDSLPP	0	0	0	0	0	0	0	0
MTTTIIGLNVD	0	0	0	0	0	0	0	0
TGVCRILNNRHWINDVLVGAG	0	0	0	0	0	0	0	0
NGWAFAATPALTEFFTSGDE	0	0	0	0	0	0	0	0
RPNVLLIVLESFSGVAMESLGGIPGVMPNLEKI	0	0	0	0	0	0	0	0
DNFALIVQDYGDPNAP	0	0	0	0	0	0	0	0
VILGKSDGYSITVDEL	0	0	0	0	0	0	0	0
NEDLGEFFTQSVNECVGLL	0	0	0	0	0	0	0	1
DSVELIRSEN	0	0	0	0	0	0	0	0
MTTLTPLASSMFAP	0	0	1	0	0	0	0	0
DSDRDVDTLW	0	0	0	0	0	0	0	0
GIYNVGTPQFASSVVDIRASQDT	0	0	0	0	0	0	0	0
EIIDEDTLPLRCTAHTP	0	0	0	0	0	0	0	0
RSINVTVPANEAEAKYSELIKEAFLVNENGEKVEGDAFAA	0	0	0	0	0	1	0	0
DFVLLGERPQSDVE	0	0	0	0	0	0	0	0
ALTVNKVCLSGL	0	0	0	0	0	0	0	0
RSPELKTMPLGIQSYVSTFQIYWGKLTANAVIYVLPV	0	0	0	0	0	0	0	0
VNLYVSAVID	0	0	0	0	0	0	0	0
MTMKRGVRIEGV	0	0	0	0	0	0	0	0
EALGIPSFPM	0	0	0	0	1	0	0	0
NPYYLGALSKPSPLDDAFD	0	0	0	0	0	0	0	0
NQLPVTNAVAA	0	0	0	0	0	0	0	0
KPKNKTEGNLSAAFPHHALD	1	0	0	0	0	0	0	0
DAGFPAEDIIFDP	0	0	0	0	0	0	0	0
ALAVGSPITIIL	0	0	1	0	0	0	0	0
NFGIYFSLLTEGGVPLKVSGL	0	0	0	0	0	0	0	0
TTGVTGIMEVSPEFLEQQL	0	0	0	0	0	0	0	0
GEDFLAAAQRE	0	0	0	0	0	0	0	0
RDFLPADRS	0	0	0	0	0	0	0	0
ESAEDFQIFFHTHTDV	0	0	0	0	0	0	0	0
VPVTVTAFRTND	0	1	0	0	0	0	0	0
EALLSFLFIS	0	0	0	0	0	1	0	0
VADLDPSFHDLTEADFQETFNVGSFASGK	0	0	0	0	0	0	0	0
IEEVKQGILNEEL	0	0	0	0	0	0	0	0
MRKNPAIIAEELASSLDLK	0	0	0	0	0	0	0	0
ESVYSLLQKAPATILD	0	0	0	0	1	0	0	0
HENTELEIVGRHDP	0	0	0	0	0	0	0	0
LINVNGHKIFN	0	0	0	0	0	0	0	0
WDTLVIDID	0	0	1	0	0	0	0	0
GGTFVMVIPD	0	1	0	0	0	0	0	0
ATVYNVLNELKRPEAT	0	0	0	0	0	0	0	0
SRGLFETLKQDIASVSP	0	1	0	0	0	0	0	0
GMKIEVEED	0	0	0	0	0	0	0	0
TDLHLISALPAPR	0	0	0	0	0	0	0	0
ITEDEALAGSDDRIVLEDAIADFSPREQEII	0	0	0	0	0	0	0	1
LMNPSGVAGNLEV	1	0	0	0	0	0	0	0
PNGNILIYIGRS	0	0	0	0	0	0	0	0
IYSKLEIDTAYHYLQ	0	0	0	0	0	0	1	0
SSIDVEDGWVVCERR	0	0	0	0	1	0	0	0
VDGTPLGEAASPAAAPSSQVSAIPAWHTGA	0	0	0	0	1	0	0	0
GDSFVYETDDKIFRGKVTKADDKKAIEINLRVE	0	0	0	0	0	0	0	0
NDLFVQAAKDTLENEFERKDVT	0	0	0	0	0	0	0	0
DREVKEELAA	0	0	0	0	0	0	0	0
VNETIPYEAFGGDGMLTRLILKASEGAKWSDN	0	0	0	0	0	0	0	0
LSFCRSHGIQTAVGHSAATFEEIR	0	0	0	0	0	0	0	0
FHPTQALADMLTLYE	0	0	0	0	0	0	0	0
MEILILGAGKLGTRVAEALSEGNHSITIVDKSSDVINRINQ	0	0	0	0	0	0	0	0
LNLQVIPVIE	0	0	0	0	0	0	0	0
LSALLGGALDL	1	0	0	0	0	0	0	0
LSIGFEGTEPTVPKSFDIATQQNKIIAN	0	0	0	0	0	0	0	0
SIMQRVGKNIID	0	0	0	0	0	0	0	0
VATEFSETAPATLK	0	0	0	0	1	0	0	0
DENPLFENENAGKRGIVVNANTEEGVKVIYDL	0	1	0	0	0	0	0	0
RVRESDAGKKWISDKPVR	0	0	0	0	0	0	0	0
EILVLLKDGSMSA	0	0	0	0	0	0	0	1
ISSMRNYLVEV	0	0	0	0	0	0	0	0
EPVLLVGDAMEE	0	0	0	0	0	0	0	0
TVISIISFMP	0	0	0	0	0	0	0	0
VARHFGAEILFD	0	0	0	0	0	0	0	0
LINGCWYLVDL	0	0	0	0	0	0	1	0
LEGIKYTLLLTIISMVIAIPCCGSGRDAQIHQP	1	0	0	0	0	0	0	0
AITVSGMVTMLI	0	0	0	0	0	0	0	0
PDAVRAELAAGAPVALADNAIQWRSGLAPVQ	1	0	0	0	0	0	0	0
NRAARIIEQMEEL	0	0	0	0	0	0	0	0
NELALSLVMF	0	0	0	0	0	0	0	0
DKVITEEILTG	0	0	0	0	0	0	0	0
ISYGAFADDI	0	0	0	0	0	0	0	0
MTGEHVVVLVD	0	0	0	0	0	0	0	0
ELANVQDLTVR	0	0	0	0	1	0	0	0
TYDLPEFLVDI	0	0	0	0	0	0	0	0
AYGLFIFGRNN	0	0	0	0	0	0	0	0
TEMNSRLVADGYL	0	0	0	0	0	0	0	0
FPAHLHGLHYGELGETFWK	0	0	0	0	0	0	0	0
CGLEVEIYLF	0	0	0	0	0	0	0	0
PVEYMKVL	0	0	0	0	0	0	0	0
KNDIVAAAVL	0	0	0	0	0	0	0	0
ETFDSLLSDLVADP	0	0	0	0	0	0	0	0
IALVHGNIPH	0	0	0	0	0	0	0	0
VPTPNVSVVDLTVR	0	0	0	0	1	0	0	0
QTPNGVTNYACTLTSVDDSFEQLYLD	0	0	0	0	0	0	0	0
GSLPVRYCVFGLGDTSYPAFCGFSKSLAAALAEKQAQALIDP	0	0	0	1	0	0	0	0
FVPEDNLMPGVRGLKGPFTCLNSA	0	0	0	0	0	0	0	0
LPAGIGAGQNYVATILFATTQAS	0	0	0	0	0	0	0	0
MTLMQQTASQLSDRD	0	0	0	0	0	0	0	0
YMLTQVPRDASYEE	0	0	0	0	1	0	0	0
NKLIPFNVKFGDEDVKIPVEAPYKIHFKFESGTPNQTL	0	0	0	0	0	1	0	0
ENGCGKVTDIADD	0	0	0	0	0	0	0	0
VEQGGIDAMITSSATGADI	0	0	0	0	0	0	0	0
FTLTATKQGI	0	0	0	0	0	0	0	0
DLDGANVDLSQGTAAAQ	0	0	0	0	0	0	0	0
HISEDVKRTVQSMNKDGMQLLND	0	0	0	0	0	0	0	0
DENGQPLVLDV	0	0	0	0	0	0	0	0
GTLIVRGGDL	0	0	0	0	0	0	0	0
YPSVAKTYETT	0	0	0	0	0	0	0	0
VMINDNIGDCIDIHG	0	0	0	0	0	0	0	0
SGGIYSATFDDGYDGITGIES	0	0	0	0	0	0	0	0
NIGVGLDDAQLAGTMD	0	0	0	0	0	0	0	0
YAIIDVDFSEV	0	0	0	0	0	0	0	0
FTDVPLLAEGG	0	0	0	0	0	0	1	0
VHYAVPLSTDVH	0	0	0	0	0	0	0	0
EYADSILTKWNENQVCHLKDIAVLDA	0	0	0	0	0	0	0	0
YNYYDFNKNLRNSYG	0	0	0	0	0	0	0	0
TTLTAAITTVLAK	0	0	0	0	0	0	0	0
MLIASRGAPRHGGLSH	0	0	0	0	0	0	0	0
PETDGIILQTYSDSETYELQDK	0	0	0	0	0	0	0	0
DAVHPATALNNVRLNTNELY	0	0	0	0	0	0	0	0
SLIAIKQSEIPFDVIERDVKLPIN	0	1	0	0	0	0	0	0
SIEIFALFEGE	0	0	0	0	0	0	0	0
GGKLFGSVTSAQVAEALSAQFGAGIDK	0	0	0	0	0	0	0	0
FTDAQGNQHEGIITSGTFSPTLGYSIALAR	0	0	0	0	0	0	0	0
KDPSFFQYNNFSHDSEW	0	0	0	0	0	0	0	0
DPNNFDIVD	0	0	0	0	0	0	0	0
GGSYVVAIGSDS	1	0	0	0	0	0	0	0
IEGGLGATSTVMWWRT	0	0	1	0	0	0	0	0
IVNEVKDGYI	0	0	0	0	0	0	0	0
GKIKAVAAKDNIV	0	0	0	0	0	0	0	0
QLRDKDGGLLASIDKIGDAGH	0	0	0	0	0	0	0	1
GKEDIKAIRSLNKGVMAAKQTMANMMGMPASTSGGLEDYTR	0	0	0	0	0	0	0	0
AGSWFSEDYAATKVP	0	0	0	0	0	0	1	0
ENIARELQCINMSS	1	0	0	0	0	0	0	0
LPQERLSCAISNVAH	0	0	0	0	0	0	0	0
NVRERPLPYRTH	0	0	0	0	0	0	0	0
TLQGEYSLQPV	0	0	0	0	0	0	1	0
EDRIVKITVAGKVK	0	0	0	0	0	0	0	0
ISWSPVVYSSTQVYFI	0	0	0	0	0	0	1	0
ERDFDITIDDLTV	0	0	0	0	0	0	0	0
DDLLPYIGQFS	0	0	0	0	0	0	0	0
NSVKGLGSTLLTAGLSGLASGIGAYATAGGFGGE	0	0	0	0	0	0	0	0
SDSIKEKMSQLDNE	0	0	0	0	0	0	0	0
VIVDIEEEDIID	0	0	0	0	1	0	0	0
SADDFRDGKVDILQILVSAGLSASRAEARRNVQQGG	0	0	0	0	0	0	0	0
MYTVFEDLDA	0	0	0	0	0	0	0	0
WARKWVDE	0	0	0	0	0	0	0	0
IAYVGDGRNNMANSLLVTSAILGVNVKIIAPASLQPEA	0	0	0	0	0	0	0	0
ALAAQLIRAGEFD	0	0	0	0	0	0	0	0
MMDVMGKQQMIYKHAVSTIT	0	0	0	0	0	0	0	0
EVDAEALPDL	0	0	0	0	0	0	0	0
AVAVSILDVVKDLTD	1	0	0	0	0	0	0	0
LVEGVRYIF	0	1	0	0	0	0	0	0
AKALDGKTVYKGKIDK	1	0	0	0	0	0	0	0
QKLLKSAQALGL	0	0	0	0	0	1	0	0
PDVLRDNGCL	0	0	0	0	0	0	1	0
LNSLLEALGSVQDA	0	0	0	0	0	0	0	0
ANEAKEEKEDAASAFN	0	0	0	0	0	0	0	0
LATVYIKVDV	0	0	0	0	0	0	0	0
ETKTDANGKQVTTTTTTADISEA	0	0	0	0	1	0	0	0
LHVSETGLWVA	0	0	0	0	1	0	0	0
CSGIISGFYDN	0	0	0	0	0	0	0	0
PAAVLEEDDI	0	0	0	0	0	0	0	0
IPADGQIISR	0	0	0	0	0	0	0	0
VLMKLGGYGCFRVAIYLMPQAATEL	0	0	0	0	0	0	0	0
PSKSAVTGTY	0	0	1	0	0	0	0	0
DLRGAASIYIKVCE	0	0	0	1	0	0	0	0
YMTAQELDVVVVGSGGAGMVAALTAAHRGLSTV	0	0	0	0	0	0	0	0
RPWSTVLDY	0	0	0	0	0	0	1	0
LINGAIGAVEVAAA	0	0	0	0	0	0	0	0
GSIFKLMTVVAAMETRNIDTTYVVDIKDRKM	0	0	0	0	0	0	0	0
DEPPQQPSSPIM	0	0	0	0	0	0	0	0
ETSQVETEV	0	0	0	0	0	0	0	0
DAFTFLLESLD	0	0	0	0	0	0	0	0
LFIDPDEEQIIASH	0	0	0	0	1	0	0	0
KGNIFAFKSERYFIDIGI	0	0	0	0	0	0	0	0
HVNPHKLRHSFA	0	0	0	0	0	0	0	0
TDFVSEPGEFAVRGGIVDVFSYANEKPYRISF	0	0	0	0	0	0	0	0
EVAKSMPDP	0	0	0	0	0	0	0	0
GRRSGDYLYSSD	0	0	0	0	0	0	0	0
KPDGILLSFG	0	0	0	0	0	1	0	0
ESFAAVSDRVDQLM	0	0	0	0	0	0	0	0
KPGITTLYLD	0	1	0	0	0	0	0	0
PEVCEVPETVPN	0	0	0	0	0	0	0	0
ITEFKMNDVRQG	0	1	0	0	0	0	0	0
LDSSSLDSSLESQSRD	0	0	0	0	0	0	0	0
FAALGSFID	0	0	0	0	0	0	0	0
ISQEKTAGVFYPS	0	0	0	0	0	0	0	0
TNLMNYLRGID	1	0	0	0	0	0	0	0
IEEVKINPVKTE	0	0	0	0	0	0	0	0
AIMTPINIMEIGIR	0	0	0	0	0	0	0	0
KDKLNKVAKDYLEKNP	0	0	0	0	0	0	0	0
RDDIVGITAAMM	0	0	0	0	0	0	0	0
PFDVPTTNVV	0	0	0	0	0	0	0	0
LVNGVPTGMILDF	0	0	0	0	0	0	0	0
YTDVFGIAAAAAGTMM	0	0	0	0	0	0	0	0
IIAAPCVFNGG	0	0	0	0	0	0	0	0
DPAALFRAVS	1	0	0	0	0	0	0	0
MSFTVNRQQQFKQQPKDEVSVWVY	0	0	0	0	0	0	0	0
METEQKGNGTGGDADDFECAA	1	0	0	0	0	0	0	0
KDLTKTQYFELASQKLG	0	0	0	0	0	0	0	0
DLNTQTFSVGNALGEGI	0	0	0	0	0	0	0	0
AEMGHGDKLVIGDANFA	0	0	0	0	0	0	0	0
GEPVQYVLGEADF	0	0	0	0	0	0	0	0
HTHGLMPLGITELEIL	0	0	0	0	0	0	0	0
SRGFVYQVD	0	0	0	0	0	0	0	0
QVYMAKIAEQAERYD	0	0	0	0	0	0	0	1
VREVSSNDIA	0	0	0	0	0	0	0	0
PITVIPDSTL	0	0	0	0	0	0	0	0
INRTGNDELAA	0	0	0	0	0	0	0	0
STFWGDARNWAGQASSAGFTVDHSPK	0	0	1	0	0	0	0	0
GVPVTAPLSGRLRGLLRSGLPVRAGAKV	0	0	0	0	0	0	0	0
VDFAQARES	0	0	0	0	0	0	0	0
DAKKFIKIGRLSAMVFAMLTL	0	0	0	0	0	0	0	0
TTLEDKSLGCTQKSGNATVVDVLKY	0	0	0	0	0	0	0	0
SKAAAPSIGVI	0	0	0	0	0	0	0	0
IQLTGSFGTGTSL	0	0	0	0	0	0	0	0
LLLASKISDDP	0	0	0	0	0	0	0	0
VGAATEVEMK	0	0	0	0	1	0	0	0
FSSFAWLTSD	0	0	1	0	0	0	0	0
RAGPGGTGAAKAGGNYAASLMPQEVAAEK	0	0	0	0	0	0	0	0
NEWTKIDTPYSIKIGEWQFRDWKQGG	0	0	0	0	0	0	0	0
VAFDGNGAGLKILEAWKELHDAGW	0	0	0	0	0	0	0	0
FVGDVYRSMGIELP	0	0	0	0	0	0	1	0
GQADIFLWN	0	0	0	0	0	0	0	0
IQLEPNDGTASL	0	0	0	0	0	0	0	1
WTVLQSSGGQP	0	0	0	0	0	0	0	0
TLSRDAERAMAGLIAQME	0	0	0	0	0	0	0	0
QALPEPDAD	0	0	0	0	0	0	0	0
VRTKYAAGRAATNAALVA	0	0	0	0	0	0	0	0
YASKNREWTHTVGTGYRNDK	1	0	0	0	0	0	0	0
FNPEVLYSIYCTT	1	0	0	0	0	0	0	0
ACPSASGNVLSLENLSVR	0	0	0	0	0	0	0	0
TMDLITSQFAANPD	0	0	0	0	0	0	0	0
VVAQHIEELQTHL	0	0	0	0	0	0	0	1
QPEVIEQRTVIFD	1	0	0	0	0	0	0	0
AEGYDDQIYFLIR	0	0	0	0	0	0	1	0
DLSTAVSEDAGIGDRVNMGYQ	0	0	0	0	0	0	0	0
EFQDGRLTVWTGTQNPHML	0	0	0	0	0	0	0	0
EKSFKTANNDRPD	0	0	0	0	0	0	0	0
IGTTSRVPGL	0	0	0	0	0	0	0	0
RNYYGMVQTQEIE	0	0	0	0	0	0	0	0
SAMSASEAYRLCPQAY	0	0	0	0	0	0	0	0
PVESRFGQDFP	0	0	0	0	0	0	0	0
SLESLMLYAL	0	0	0	0	0	0	0	0
ASQFDKIVINDDLAKAKQETLEV	0	0	0	0	0	0	1	0
MVELSNRNAELDDIM	1	0	0	0	0	0	0	0
IALLRGLADE	0	0	0	0	0	0	1	0
LYSIYSPPQHPF	0	0	0	0	0	0	0	0
GGDTVTLNETDLTQIPK	0	0	0	0	1	0	0	0
GKEDRTYLVIMEN	0	0	0	0	0	0	0	0
EDISTQAILDRSATGQAD	0	0	0	0	0	0	0	0
PEVFTETLVYD	0	0	0	0	0	0	0	0
DPTQAAVASRTAGELYGMEV	0	0	0	0	0	0	0	0
TTIAMVAGMLP	0	0	0	0	1	0	0	0
EVLDTVSDNF	0	0	0	0	0	0	0	0
DFIAQTDIETLED	0	0	0	0	0	0	0	0
ENDRTIGKQTLEETIEQILRQT	0	0	0	0	0	0	0	0
PDTAIAAM	0	0	1	0	0	0	0	0
RGELALAILVENM	0	0	0	0	0	0	0	0
PEMIVFGGSVTAA	0	0	0	0	0	0	0	1
LIDPLVAES	0	0	0	0	0	0	0	0
PAYAEPDRAL	0	0	0	0	0	0	0	0
NVHNTLQPI	0	0	0	0	0	0	0	0
DPTVGVCV	0	0	0	0	1	0	0	0
TDPKRVMDAYPFE	0	0	0	0	0	0	0	0
KPDSLKPVADALKLTVHTFPNLARDPAVA	0	0	0	0	0	0	0	0
EDIGCKLRDVEETGTTFEENAKLKAVAGCE	0	0	0	0	0	0	0	0
FLLVPDPER	0	0	0	0	0	0	0	0
GNTVFSLWND	0	0	0	0	0	0	0	0
IDQLSSDVQTLN	0	0	0	0	1	0	0	0
YGIDTLTMHAD	0	0	0	0	0	0	0	0
WMVSDNSINLSDSR	0	0	0	0	0	0	0	0
EVPEKADVILF	0	0	0	0	1	0	0	0
RYNDQLVDKARKEGKSFSSLIDILGYSE	0	0	0	0	0	0	0	0
VNDGVFHSRSAYALFGNPE	0	0	0	0	0	0	0	0
TANGGVTGTFANVTSNY	0	0	0	0	0	0	0	0
PDVLDQRMQ	0	0	0	0	0	0	0	0
DLLVLDDLRE	0	0	0	0	1	0	0	0
IWDSTDALELK	0	0	0	0	1	0	0	0
ITAAMQTSPEGAWLTAT	0	0	0	0	0	0	0	0
TIHISQNIDLSLGY	0	0	0	0	0	0	0	1
PTNGALAAGVKC	0	0	0	0	0	0	0	0
PYSMLSFNQ	0	0	0	0	0	0	0	0
MLAAGLGVFALHSS	0	0	0	1	0	0	0	0
TPHISGMVEA	0	0	0	0	0	0	0	0
PTMKEVVDFIAKEC	0	0	0	0	0	0	0	0
YDFIIDAID	0	1	0	0	0	0	0	0
FHIKANIIYYE	0	0	0	0	1	0	0	0
PSSIDLSGAELEIVD	0	0	0	0	0	0	0	0
IDQVTAGNIMINGMDI	0	0	1	0	0	0	0	0
DAIENNDTAIHFSETDG	0	0	0	0	0	0	0	0
PLTVFSVHR	0	0	0	0	0	1	0	0
SKIDDFVNCTCP	0	0	0	0	0	0	0	0
LGTLDAITPNTRLVALTHVSNVTGAVSPVDAVVAA	0	0	0	0	0	0	0	0
LMAAGGLMLID	0	0	0	0	0	1	0	0
LEEVKVKDVIIN	0	0	0	0	0	1	0	0
EDEILFRSD	0	0	0	0	0	0	0	0
ELEALEAELAA	0	0	0	0	0	0	0	0
SEDEKIFLNTTATFS	0	0	0	0	0	0	1	0
LEEVLAQELTELGAN	0	0	0	0	0	0	0	0
AIAVCKDTITY	0	0	0	0	0	0	0	0
KPAVEDVATE	0	0	0	0	0	0	0	0
QAIATELAAKDDRPPEN	0	0	0	0	0	0	0	0
DEAIKNIDTLL	0	1	0	0	0	0	0	0
SANLALSFESLTVD	0	0	1	0	0	0	0	0
